Country/Region,Current Value,Current Bm,Previous Value,Previous Bm,DATE_UPDATE,FEATURE
Afghanistan,34.0,3.0,34.0,3.0,2020-04-16,Measure
Albania,41.0,3.0,20.0,1.0,2020-04-16,Measure
Algeria,24.0,3.0,15.0,2.0,2020-04-16,Measure
Angola,52.0,3.0,52.0,3.0,2020-04-16,Measure
Antigua and Barbuda,19.0,3.0,19.0,3.0,2020-04-16,Measure
Argentina,28.0,3.0,28.0,3.0,2020-04-16,Measure
Armenia,22.0,3.0,19.0,2.0,2020-04-16,Measure
Australia,74.0,3.0,74.0,3.0,2020-04-16,Measure
Austria,57.0,3.0,55.0,3.0,2020-04-16,Measure
Azerbaijan,18.0,3.0,18.0,3.0,2020-04-16,Measure
Bahamas,41.0,3.0,41.0,3.0,2020-04-16,Measure
Bahrain,13.0,3.0,10.0,2.0,2020-04-16,Measure
Bangladesh,2.0,3.0,2.0,3.0,2020-04-16,Measure
Barbados,71.0,3.0,71.0,3.0,2020-04-16,Measure
Belarus,7.0,3.0,7.0,3.0,2020-04-16,Measure
Belgium,25.0,3.0,21.0,2.0,2020-04-16,Measure
Belize,14.0,3.0,14.0,3.0,2020-04-16,Measure
Benin,15.0,3.0,15.0,3.0,2020-04-16,Measure
Bhutan,2.0,3.0,2.0,3.0,2020-04-16,Measure
Bolivia,24.0,3.0,24.0,3.0,2020-04-16,Measure
Bosnia and Herzegovina,37.0,3.0,24.0,2.0,2020-04-16,Measure
Botswana,17.0,3.0,17.0,3.0,2020-04-16,Measure
Brazil,24.0,3.0,11.0,1.0,2020-04-16,Measure
Brunei,11.0,3.0,11.0,3.0,2020-04-16,Measure
Bulgaria,17.0,3.0,17.0,3.0,2020-04-16,Measure
Burkina Faso,13.0,3.0,13.0,3.0,2020-04-16,Measure
Burundi,8.0,3.0,8.0,3.0,2020-04-16,Measure
Cabo Verde,23.0,3.0,23.0,3.0,2020-04-16,Measure
Cambodia,2.0,3.0,2.0,3.0,2020-04-16,Measure
Cameroon,14.0,3.0,14.0,3.0,2020-04-16,Measure
Canada,26.0,3.0,26.0,3.0,2020-04-16,Measure
Central African Republic,18.0,3.0,18.0,3.0,2020-04-16,Measure
Chad,12.0,3.0,12.0,3.0,2020-04-16,Measure
Chile,30.0,3.0,30.0,3.0,2020-04-16,Measure
China,65.0,3.0,24.0,1.0,2020-04-16,Measure
"China, Hong Kong Special Administrative Region",16.0,3.0,16.0,3.0,2020-04-16,Measure
Colombia,31.0,3.0,31.0,3.0,2020-04-16,Measure
Comoros,12.0,3.0,12.0,3.0,2020-04-16,Measure
Congo (Brazzaville),13.0,3.0,13.0,3.0,2020-04-16,Measure
Costa Rica,18.0,3.0,18.0,3.0,2020-04-16,Measure
Cote d'Ivoire,17.0,3.0,17.0,3.0,2020-04-16,Measure
Croatia,26.0,3.0,22.0,2.0,2020-04-16,Measure
Cuba,16.0,3.0,16.0,3.0,2020-04-16,Measure
Cyprus,35.0,3.0,21.0,2.0,2020-04-16,Measure
Czech republic,5.0,3.0,5.0,3.0,2020-04-16,Measure
Czechia,40.0,3.0,40.0,3.0,2020-04-16,Measure
Denmark,54.0,3.0,51.0,3.0,2020-04-16,Measure
Djibouti,3.0,3.0,3.0,3.0,2020-04-16,Measure
Dominica,15.0,3.0,15.0,3.0,2020-04-16,Measure
Dominican Republic,20.0,3.0,20.0,3.0,2020-04-16,Measure
Ecuador,20.0,3.0,20.0,3.0,2020-04-16,Measure
Egypt,22.0,3.0,22.0,3.0,2020-04-16,Measure
El Salvador,28.0,3.0,28.0,3.0,2020-04-16,Measure
Equatorial Guinea,48.0,3.0,48.0,3.0,2020-04-16,Measure
Eritrea,17.0,3.0,17.0,3.0,2020-04-16,Measure
Estonia,30.0,3.0,30.0,3.0,2020-04-16,Measure
Eswatini,27.0,3.0,27.0,3.0,2020-04-16,Measure
Ethiopia,30.0,3.0,30.0,3.0,2020-04-16,Measure
Fiji,36.0,3.0,36.0,3.0,2020-04-16,Measure
Finland,37.0,3.0,37.0,3.0,2020-04-16,Measure
France,35.0,3.0,35.0,3.0,2020-04-16,Measure
Gabon,23.0,3.0,23.0,3.0,2020-04-16,Measure
Gambia,12.0,3.0,12.0,3.0,2020-04-16,Measure
Georgia,18.0,3.0,18.0,3.0,2020-04-16,Measure
Germany,44.0,3.0,36.0,2.0,2020-04-16,Measure
Ghana,26.0,3.0,26.0,3.0,2020-04-16,Measure
Greece,16.0,3.0,16.0,3.0,2020-04-16,Measure
Grenada,12.0,3.0,12.0,3.0,2020-04-16,Measure
Guatemala,20.0,3.0,20.0,3.0,2020-04-16,Measure
Guinea,18.0,3.0,18.0,3.0,2020-04-16,Measure
Guinea-Bissau,19.0,3.0,19.0,3.0,2020-04-16,Measure
Guyana,1.0,3.0,1.0,3.0,2020-04-16,Measure
Haiti,19.0,3.0,8.0,1.0,2020-04-16,Measure
Honduras,35.0,3.0,35.0,3.0,2020-04-16,Measure
Hungary,50.0,3.0,50.0,3.0,2020-04-16,Measure
Iceland,14.0,3.0,14.0,3.0,2020-04-16,Measure
India,27.0,3.0,27.0,3.0,2020-04-16,Measure
Indonesia,13.0,3.0,13.0,3.0,2020-04-16,Measure
Iran,13.0,3.0,13.0,3.0,2020-04-16,Measure
Iraq,25.0,3.0,25.0,3.0,2020-04-16,Measure
Ireland,39.0,3.0,39.0,3.0,2020-04-16,Measure
Israel,31.0,3.0,31.0,3.0,2020-04-16,Measure
Italy,53.0,3.0,53.0,3.0,2020-04-16,Measure
Jamaica,6.0,3.0,6.0,3.0,2020-04-16,Measure
Japan,31.0,3.0,30.0,3.0,2020-04-16,Measure
Jordan,29.0,3.0,29.0,3.0,2020-04-16,Measure
Kazakhstan,6.0,3.0,6.0,3.0,2020-04-16,Measure
Kenya,29.0,3.0,27.0,3.0,2020-04-16,Measure
Kiribati,8.0,3.0,6.0,2.0,2020-04-16,Measure
Kuwait,24.0,3.0,24.0,3.0,2020-04-16,Measure
Kyrgyzstan,8.0,3.0,8.0,3.0,2020-04-16,Measure
Lao PDR,4.0,3.0,4.0,3.0,2020-04-16,Measure
Latvia,25.0,3.0,25.0,3.0,2020-04-16,Measure
Lebanon,18.0,3.0,18.0,3.0,2020-04-16,Measure
Lesotho,11.0,3.0,11.0,3.0,2020-04-16,Measure
Liberia,17.0,3.0,17.0,3.0,2020-04-16,Measure
Libya,23.0,3.0,23.0,3.0,2020-04-16,Measure
Liechtenstein,15.0,3.0,15.0,3.0,2020-04-16,Measure
Lithuania,37.0,3.0,37.0,3.0,2020-04-16,Measure
Luxembourg,32.0,3.0,32.0,3.0,2020-04-16,Measure
Madagascar,28.0,3.0,27.0,3.0,2020-04-16,Measure
Malawi,34.0,3.0,33.0,3.0,2020-04-16,Measure
Malaysia,80.0,3.0,74.0,3.0,2020-04-16,Measure
Maldives,20.0,3.0,20.0,3.0,2020-04-16,Measure
Mali,16.0,3.0,12.0,2.0,2020-04-16,Measure
Malta,23.0,3.0,23.0,3.0,2020-04-16,Measure
Marshall Islands,23.0,3.0,16.0,2.0,2020-04-16,Measure
Mauritania,20.0,3.0,20.0,3.0,2020-04-16,Measure
Mauritius,14.0,3.0,14.0,3.0,2020-04-16,Measure
Mexico,10.0,3.0,8.0,2.0,2020-04-16,Measure
Micronesia,12.0,3.0,9.0,2.0,2020-04-16,Measure
Moldova,2.0,3.0,2.0,3.0,2020-04-16,Measure
Moldova Republic of,11.0,3.0,11.0,3.0,2020-04-16,Measure
Mongolia,18.0,3.0,18.0,3.0,2020-04-16,Measure
Montenegro,17.0,3.0,16.0,3.0,2020-04-16,Measure
Morocco,7.0,3.0,7.0,3.0,2020-04-16,Measure
Mozambique,44.0,3.0,44.0,3.0,2020-04-16,Measure
Myanmar,28.0,3.0,28.0,3.0,2020-04-16,Measure
Namibia,25.0,3.0,25.0,3.0,2020-04-16,Measure
Nauru,17.0,3.0,15.0,3.0,2020-04-16,Measure
Nepal,30.0,3.0,30.0,3.0,2020-04-16,Measure
Netherlands,15.0,3.0,15.0,3.0,2020-04-16,Measure
New Zealand,54.0,3.0,54.0,3.0,2020-04-16,Measure
Nicaragua,5.0,3.0,5.0,3.0,2020-04-16,Measure
Niger,19.0,3.0,15.0,2.0,2020-04-16,Measure
Nigeria,10.0,3.0,9.0,3.0,2020-04-16,Measure
North Macedonia,13.0,3.0,13.0,3.0,2020-04-16,Measure
Norway,36.0,3.0,36.0,3.0,2020-04-16,Measure
Oman,18.0,3.0,18.0,3.0,2020-04-16,Measure
Pakistan,10.0,3.0,10.0,3.0,2020-04-16,Measure
Palau,16.0,3.0,15.0,3.0,2020-04-16,Measure
Palestine,16.0,3.0,16.0,3.0,2020-04-16,Measure
Panama,31.0,3.0,31.0,3.0,2020-04-16,Measure
Papua New Guinea,42.0,3.0,42.0,3.0,2020-04-16,Measure
Paraguay,26.0,3.0,22.0,2.0,2020-04-16,Measure
Peru,30.0,3.0,27.0,2.0,2020-04-16,Measure
Philippines,101.0,3.0,101.0,3.0,2020-04-16,Measure
Poland,36.0,3.0,36.0,3.0,2020-04-16,Measure
Portugal,46.0,3.0,46.0,3.0,2020-04-16,Measure
Qatar,9.0,3.0,9.0,3.0,2020-04-16,Measure
Republic of the Congo,13.0,3.0,13.0,3.0,2020-04-16,Measure
Romania,19.0,3.0,19.0,3.0,2020-04-16,Measure
Russia,28.0,3.0,28.0,3.0,2020-04-16,Measure
Rwanda,16.0,3.0,16.0,3.0,2020-04-16,Measure
Saint Kitts and Nevis,3.0,3.0,3.0,3.0,2020-04-16,Measure
Saint Lucia,24.0,3.0,24.0,3.0,2020-04-16,Measure
Saint Vincent and the Grenadines,9.0,3.0,9.0,3.0,2020-04-16,Measure
Samoa,34.0,3.0,29.0,2.0,2020-04-16,Measure
San Marino,9.0,3.0,9.0,3.0,2020-04-16,Measure
Sao Tome and Principe,1.0,3.0,1.0,3.0,2020-04-16,Measure
Saudi Arabia,28.0,3.0,28.0,3.0,2020-04-16,Measure
Senegal,16.0,3.0,16.0,3.0,2020-04-16,Measure
Serbia,13.0,3.0,13.0,3.0,2020-04-16,Measure
Seychelles,24.0,3.0,24.0,3.0,2020-04-16,Measure
Sierra Leone,14.0,3.0,11.0,2.0,2020-04-16,Measure
Slovakia,32.0,3.0,32.0,3.0,2020-04-16,Measure
Slovenia,30.0,3.0,30.0,3.0,2020-04-16,Measure
Solomon Islands,29.0,3.0,23.0,2.0,2020-04-16,Measure
Somalia,9.0,3.0,8.0,3.0,2020-04-16,Measure
South Africa,20.0,3.0,20.0,3.0,2020-04-16,Measure
South Korea,12.0,3.0,12.0,3.0,2020-04-16,Measure
South Sudan,11.0,3.0,5.0,1.0,2020-04-16,Measure
Spain,45.0,3.0,45.0,3.0,2020-04-16,Measure
Sri Lanka,114.0,3.0,114.0,3.0,2020-04-16,Measure
Sudan,14.0,3.0,14.0,3.0,2020-04-16,Measure
Suriname,19.0,3.0,19.0,3.0,2020-04-16,Measure
Sweden,18.0,3.0,18.0,3.0,2020-04-16,Measure
Switzerland,42.0,3.0,42.0,3.0,2020-04-16,Measure
Syria,24.0,3.0,24.0,3.0,2020-04-16,Measure
Tajikistan,4.0,3.0,4.0,3.0,2020-04-16,Measure
Tanzania,9.0,3.0,8.0,3.0,2020-04-16,Measure
Thailand,66.0,3.0,66.0,3.0,2020-04-16,Measure
Togo,23.0,3.0,23.0,3.0,2020-04-16,Measure
Tonga,38.0,3.0,30.0,2.0,2020-04-16,Measure
Tunisia,7.0,3.0,7.0,3.0,2020-04-16,Measure
Turkey,26.0,3.0,26.0,3.0,2020-04-16,Measure
Turkmenistan,9.0,3.0,9.0,3.0,2020-04-16,Measure
Tuvalu,7.0,3.0,5.0,2.0,2020-04-16,Measure
Uganda,23.0,3.0,23.0,3.0,2020-04-16,Measure
Ukraine,20.0,3.0,20.0,3.0,2020-04-16,Measure
United Arab Emirates,21.0,3.0,21.0,3.0,2020-04-16,Measure
United Kingdom,21.0,3.0,21.0,3.0,2020-04-16,Measure
United States,38.0,3.0,38.0,3.0,2020-04-16,Measure
Uruguay,17.0,3.0,17.0,3.0,2020-04-16,Measure
Uzbekistan,3.0,3.0,3.0,3.0,2020-04-16,Measure
Vanuatu,31.0,3.0,23.0,2.0,2020-04-16,Measure
Venezuela,15.0,3.0,13.0,3.0,2020-04-16,Measure
Vietnam,2.0,3.0,2.0,3.0,2020-04-16,Measure
Yemen,21.0,3.0,21.0,3.0,2020-04-16,Measure
Zambia,14.0,3.0,13.0,3.0,2020-04-16,Measure
Zimbabwe,10.0,3.0,9.0,2.0,2020-04-16,Measure
kenya,1.0,3.0,1.0,3.0,2020-04-16,Measure
Afghanistan,1.99,1.0,1.88,1.0,2020-04-16,Infection Rate
Albania,7.47,2.0,7.57,2.0,2020-04-16,Infection Rate
Algeria,2.64,1.0,2.59,1.0,2020-04-16,Infection Rate
Andorra,588.75,3.0,588.75,3.0,2020-04-16,Infection Rate
Angola,0.04,1.0,0.04,1.0,2020-04-16,Infection Rate
Antigua and Barbuda,17.0,2.0,18.0,2.0,2020-04-16,Infection Rate
Argentina,4.07,2.0,3.87,2.0,2020-04-16,Infection Rate
Armenia,26.45,2.0,26.93,2.0,2020-04-16,Infection Rate
Australia,15.91,2.0,16.49,2.0,2020-04-16,Infection Rate
Austria,57.21,3.0,65.82,3.0,2020-04-16,Infection Rate
Azerbaijan,8.05,2.0,8.33,2.0,2020-04-16,Infection Rate
Bahamas,10.0,2.0,8.97,2.0,2020-04-16,Infection Rate
Bahrain,70.21,3.0,70.99,3.0,2020-04-16,Infection Rate
Bangladesh,0.9,1.0,0.69,1.0,2020-04-16,Infection Rate
Barbados,18.97,2.0,18.28,2.0,2020-04-16,Infection Rate
Belarus,41.92,2.0,36.92,2.0,2020-04-16,Infection Rate
Belgium,195.2,3.0,192.03,3.0,2020-04-16,Infection Rate
Belize,4.1,2.0,4.1,2.0,2020-04-16,Infection Rate
Benin,0.14,1.0,0.14,1.0,2020-04-16,Infection Rate
Bhutan,0.39,1.0,0.39,1.0,2020-04-16,Infection Rate
Bolivia,3.46,2.0,3.15,2.0,2020-04-16,Infection Rate
Bosnia and Herzegovina,25.67,2.0,24.73,2.0,2020-04-16,Infection Rate
Botswana,0.61,1.0,0.52,1.0,2020-04-16,Infection Rate
Brazil,6.85,2.0,5.94,2.0,2020-04-16,Infection Rate
Brunei,6.28,2.0,6.28,2.0,2020-04-16,Infection Rate
Bulgaria,9.18,2.0,8.69,2.0,2020-04-16,Infection Rate
Burkina Faso,1.26,1.0,1.4,1.0,2020-04-16,Infection Rate
Burma,0.15,1.0,0.13,1.0,2020-04-16,Infection Rate
Burundi,0.03,1.0,0.03,1.0,2020-04-16,Infection Rate
Cabo Verde,9.82,2.0,9.82,2.0,2020-04-16,Infection Rate
Cambodia,0.15,1.0,0.16,1.0,2020-04-16,Infection Rate
Cameroon,3.13,2.0,2.57,1.0,2020-04-16,Infection Rate
Canada,52.81,3.0,48.48,3.0,2020-04-16,Infection Rate
Central African Republic,0.17,1.0,0.17,1.0,2020-04-16,Infection Rate
Chad,0.14,1.0,0.13,1.0,2020-04-16,Infection Rate
Chile,28.48,2.0,27.63,2.0,2020-04-16,Infection Rate
China,0.12,1.0,0.12,1.0,2020-04-16,Infection Rate
Colombia,5.05,2.0,5.02,2.0,2020-04-16,Infection Rate
Congo (Brazzaville),0.0,1.0,0.0,1.0,2020-04-16,Infection Rate
Congo (Kinshasa),0.27,1.0,0.26,1.0,2020-04-16,Infection Rate
Costa Rica,11.17,2.0,10.99,2.0,2020-04-16,Infection Rate
Cote d'Ivoire,1.95,1.0,2.01,1.0,2020-04-16,Infection Rate
Croatia,30.37,2.0,30.57,2.0,2020-04-16,Infection Rate
Cuba,5.86,2.0,5.64,2.0,2020-04-16,Infection Rate
Cyprus,72.58,3.0,71.69,3.0,2020-04-16,Infection Rate
Czechia,49.78,3.0,49.21,3.0,2020-04-16,Infection Rate
Denmark,61.0,3.0,62.58,3.0,2020-04-16,Infection Rate
Diamond Princess,2153.85,3.0,2346.15,3.0,2020-04-16,Infection Rate
Djibouti,53.2,3.0,37.32,2.0,2020-04-16,Infection Rate
Dominica,11.43,2.0,11.43,2.0,2020-04-16,Infection Rate
Dominican Republic,31.14,2.0,29.95,2.0,2020-04-16,Infection Rate
Ecuador,40.23,2.0,38.54,2.0,2020-04-16,Infection Rate
Egypt,1.87,1.0,1.73,1.0,2020-04-16,Infection Rate
El Salvador,1.94,1.0,1.91,1.0,2020-04-16,Infection Rate
Equatorial Guinea,3.46,2.0,3.46,2.0,2020-04-16,Infection Rate
Eritrea,1.0,1.0,1.0,1.0,2020-04-16,Infection Rate
Estonia,95.83,3.0,94.55,3.0,2020-04-16,Infection Rate
Eswatini,0.61,1.0,0.61,1.0,2020-04-16,Infection Rate
Ethiopia,0.07,1.0,0.06,1.0,2020-04-16,Infection Rate
Fiji,1.91,1.0,1.8,1.0,2020-04-16,Infection Rate
Finland,28.88,2.0,51.9,3.0,2020-04-16,Infection Rate
France,142.83,3.0,128.07,3.0,2020-04-16,Infection Rate
Gabon,3.46,2.0,3.46,2.0,2020-04-16,Infection Rate
Gambia,0.26,1.0,0.26,1.0,2020-04-16,Infection Rate
Georgia,6.72,2.0,5.8,2.0,2020-04-16,Infection Rate
Germany,68.16,3.0,70.21,3.0,2020-04-16,Infection Rate
Ghana,1.81,1.0,2.01,1.0,2020-04-16,Infection Rate
Greece,17.13,2.0,17.02,2.0,2020-04-16,Infection Rate
Grenada,12.73,2.0,12.73,2.0,2020-04-16,Infection Rate
Guatemala,0.98,1.0,0.89,1.0,2020-04-16,Infection Rate
Guinea,3.05,2.0,2.92,1.0,2020-04-16,Infection Rate
Guinea-Bissau,2.24,1.0,2.24,1.0,2020-04-16,Infection Rate
Guyana,5.26,2.0,5.26,2.0,2020-04-16,Infection Rate
Haiti,0.34,1.0,0.34,1.0,2020-04-16,Infection Rate
Holy See,715.14,3.0,715.14,3.0,2020-04-16,Infection Rate
Honduras,3.92,2.0,3.89,2.0,2020-04-16,Infection Rate
Hungary,13.46,2.0,12.86,2.0,2020-04-16,Infection Rate
Iceland,172.65,3.0,188.82,3.0,2020-04-16,Infection Rate
India,0.82,1.0,0.77,1.0,2020-04-16,Infection Rate
Indonesia,1.65,1.0,1.56,1.0,2020-04-16,Infection Rate
Iran,25.21,2.0,26.15,2.0,2020-04-16,Infection Rate
Iraq,1.27,1.0,1.33,1.0,2020-04-16,Infection Rate
Ireland,259.35,3.0,245.43,3.0,2020-04-16,Infection Rate
Israel,115.0,3.0,115.12,3.0,2020-04-16,Infection Rate
Italy,176.88,3.0,174.91,3.0,2020-04-16,Infection Rate
Jamaica,3.97,2.0,3.36,2.0,2020-04-16,Infection Rate
Japan,5.95,2.0,5.6,2.0,2020-04-16,Infection Rate
Jordan,1.35,1.0,1.43,1.0,2020-04-16,Infection Rate
Kazakhstan,5.98,2.0,5.6,2.0,2020-04-16,Infection Rate
Kenya,0.32,1.0,0.31,1.0,2020-04-16,Infection Rate
Kosovo,19.3,2.0,16.83,2.0,2020-04-16,Infection Rate
Kuwait,30.86,2.0,28.48,2.0,2020-04-16,Infection Rate
Kyrgyzstan,5.77,2.0,5.71,2.0,2020-04-16,Infection Rate
Laos,0.24,1.0,0.25,1.0,2020-04-16,Infection Rate
Latvia,32.09,2.0,32.3,2.0,2020-04-16,Infection Rate
Lebanon,8.15,2.0,8.09,2.0,2020-04-16,Infection Rate
Liberia,0.99,1.0,0.99,1.0,2020-04-16,Infection Rate
Libya,0.55,1.0,0.56,1.0,2020-04-16,Infection Rate
Liechtenstein,59.65,3.0,59.65,3.0,2020-04-16,Infection Rate
Lithuania,33.38,2.0,33.56,2.0,2020-04-16,Infection Rate
Luxembourg,441.09,3.0,434.06,3.0,2020-04-16,Infection Rate
MS Zaandam,500.0,3.0,500.0,3.0,2020-04-16,Infection Rate
Madagascar,0.29,1.0,0.3,1.0,2020-04-16,Infection Rate
Malawi,0.08,1.0,0.08,1.0,2020-04-16,Infection Rate
Malaysia,7.29,2.0,7.32,2.0,2020-04-16,Infection Rate
Maldives,1.7,1.0,1.13,1.0,2020-04-16,Infection Rate
Mali,0.63,1.0,0.51,1.0,2020-04-16,Infection Rate
Malta,64.12,3.0,69.02,3.0,2020-04-16,Infection Rate
Mauritania,0.09,1.0,0.09,1.0,2020-04-16,Infection Rate
Mauritius,18.43,2.0,19.69,2.0,2020-04-16,Infection Rate
Mexico,2.56,1.0,2.25,1.0,2020-04-16,Infection Rate
Moldova,52.83,3.0,51.9,3.0,2020-04-16,Infection Rate
Monaco,201.58,3.0,201.58,3.0,2020-04-16,Infection Rate
Mongolia,0.81,1.0,0.78,1.0,2020-04-16,Infection Rate
Montenegro,38.73,2.0,36.35,2.0,2020-04-16,Infection Rate
Morocco,5.22,2.0,4.57,2.0,2020-04-16,Infection Rate
Mozambique,0.1,1.0,0.09,1.0,2020-04-16,Infection Rate
Namibia,0.48,1.0,0.52,1.0,2020-04-16,Infection Rate
Nepal,0.05,1.0,0.05,1.0,2020-04-16,Infection Rate
Netherlands,148.64,3.0,143.57,3.0,2020-04-16,Infection Rate
New Zealand,12.64,2.0,13.19,2.0,2020-04-16,Infection Rate
Nicaragua,0.06,1.0,0.06,1.0,2020-04-16,Infection Rate
Niger,2.06,1.0,2.06,1.0,2020-04-16,Infection Rate
Nigeria,0.14,1.0,0.13,1.0,2020-04-16,Infection Rate
North Macedonia,43.94,2.0,39.95,2.0,2020-04-16,Infection Rate
Norway,125.46,3.0,122.58,3.0,2020-04-16,Infection Rate
Oman,16.92,2.0,15.62,2.0,2020-04-16,Infection Rate
Pakistan,2.38,1.0,2.23,1.0,2020-04-16,Infection Rate
Panama,84.07,3.0,80.16,3.0,2020-04-16,Infection Rate
Papua New Guinea,0.08,1.0,0.02,1.0,2020-04-16,Infection Rate
Paraguay,1.93,1.0,1.85,1.0,2020-04-16,Infection Rate
Peru,18.78,2.0,24.99,2.0,2020-04-16,Infection Rate
Philippines,4.49,2.0,4.39,2.0,2020-04-16,Infection Rate
Poland,18.0,2.0,17.47,2.0,2020-04-16,Infection Rate
Portugal,172.87,3.0,166.92,3.0,2020-04-16,Infection Rate
Qatar,130.07,3.0,116.54,3.0,2020-04-16,Infection Rate
Romania,30.84,2.0,29.13,2.0,2020-04-16,Infection Rate
Russia,17.41,2.0,15.29,2.0,2020-04-16,Infection Rate
Rwanda,0.62,1.0,0.65,1.0,2020-04-16,Infection Rate
Saint Kitts and Nevis,25.3,2.0,25.3,2.0,2020-04-16,Infection Rate
Saint Lucia,2.22,1.0,2.22,1.0,2020-04-16,Infection Rate
Saint Vincent and the Grenadines,10.01,2.0,10.01,2.0,2020-04-16,Infection Rate
San Marino,997.01,3.0,847.31,3.0,2020-04-16,Infection Rate
Sao Tome and Principe,1.82,1.0,1.82,1.0,2020-04-16,Infection Rate
Saudi Arabia,15.5,2.0,14.17,2.0,2020-04-16,Infection Rate
Senegal,0.85,1.0,0.75,1.0,2020-04-16,Infection Rate
Serbia,74.93,3.0,68.59,3.0,2020-04-16,Infection Rate
Seychelles,11.0,2.0,11.0,2.0,2020-04-16,Infection Rate
Sierra Leone,0.19,1.0,0.17,1.0,2020-04-16,Infection Rate
Singapore,64.71,3.0,52.63,3.0,2020-04-16,Infection Rate
Slovakia,14.72,2.0,12.95,2.0,2020-04-16,Infection Rate
Slovenia,49.9,3.0,49.37,3.0,2020-04-16,Infection Rate
Somalia,0.47,1.0,0.47,1.0,2020-04-16,Infection Rate
South Africa,2.82,1.0,3.52,2.0,2020-04-16,Infection Rate
South Korea,5.13,2.0,5.37,2.0,2020-04-16,Infection Rate
South Sudan,0.03,1.0,0.03,1.0,2020-04-16,Infection Rate
Spain,193.35,3.0,187.49,3.0,2020-04-16,Infection Rate
Sri Lanka,0.76,1.0,0.79,1.0,2020-04-16,Infection Rate
Sudan,0.05,1.0,0.05,1.0,2020-04-16,Infection Rate
Suriname,0.52,1.0,0.52,1.0,2020-04-16,Infection Rate
Sweden,103.57,3.0,100.52,3.0,2020-04-16,Infection Rate
Switzerland,110.67,3.0,112.36,3.0,2020-04-16,Infection Rate
Syria,0.15,1.0,0.15,1.0,2020-04-16,Infection Rate
Taiwan*,0.99,1.0,1.12,1.0,2020-04-16,Infection Rate
Tanzania,0.14,1.0,0.13,1.0,2020-04-16,Infection Rate
Thailand,1.48,1.0,1.58,1.0,2020-04-16,Infection Rate
Timor-Leste,0.0,1.0,0.0,1.0,2020-04-16,Infection Rate
Togo,0.38,1.0,0.53,1.0,2020-04-16,Infection Rate
Trinidad and Tobago,6.19,2.0,6.26,2.0,2020-04-16,Infection Rate
Tunisia,6.35,2.0,6.01,2.0,2020-04-16,Infection Rate
Turkey,78.38,3.0,74.47,3.0,2020-04-16,Infection Rate
Uganda,0.08,1.0,0.1,1.0,2020-04-16,Infection Rate
Ukraine,9.17,2.0,8.34,2.0,2020-04-16,Infection Rate
United Arab Emirates,48.1,3.0,44.04,2.0,2020-04-16,Infection Rate
United Kingdom,134.71,3.0,129.03,3.0,2020-04-16,Infection Rate
United States,175.11,3.0,169.81,3.0,2020-04-16,Infection Rate
Uruguay,5.98,2.0,6.47,2.0,2020-04-16,Infection Rate
Uzbekistan,3.69,2.0,3.61,2.0,2020-04-16,Infection Rate
Venezuela,0.29,1.0,0.27,1.0,2020-04-16,Infection Rate
Vietnam,0.09,1.0,0.1,1.0,2020-04-16,Infection Rate
West Bank and Gaza,6.19,2.0,6.19,2.0,2020-04-16,Infection Rate
Western Sahara,1.01,1.0,1.01,1.0,2020-04-16,Infection Rate
Yemen,0.0,1.0,0.0,1.0,2020-04-16,Infection Rate
Zambia,0.09,1.0,0.09,1.0,2020-04-16,Infection Rate
Zimbabwe,0.13,1.0,0.13,1.0,2020-04-16,Infection Rate
Andorra,0.92,2.0,0.91,2.0,2020-04-16,Index
Argentina,0.77,3.0,0.77,3.0,2020-04-16,Index
Austria,0.64,3.0,0.66,3.0,2020-04-16,Index
Belgium,0.76,3.0,0.76,3.0,2020-04-16,Index
Brazil,0.71,3.0,0.72,3.0,2020-04-16,Index
Canada,0.82,3.0,0.82,3.0,2020-04-16,Index
Chile,0.79,3.0,0.79,3.0,2020-04-16,Index
China,0.98,2.0,0.98,2.0,2020-04-16,Index
Cruise_Ship,0.92,2.0,0.91,2.0,2020-04-16,Index
France,0.75,3.0,0.75,3.0,2020-04-16,Index
Germany,0.79,3.0,0.79,3.0,2020-04-16,Index
Holy_See,0.92,2.0,0.91,2.0,2020-04-16,Index
India,0.75,3.0,0.74,3.0,2020-04-16,Index
Ireland,0.73,3.0,0.71,3.0,2020-04-16,Index
Israel,0.92,2.0,0.91,2.0,2020-04-16,Index
Italy,0.71,3.0,0.71,3.0,2020-04-16,Index
Luxembourg,0.92,2.0,0.91,2.0,2020-04-16,Index
Mexico,0.79,3.0,0.8,3.0,2020-04-16,Index
Netherlands,0.84,3.0,0.84,3.0,2020-04-16,Index
Norway,0.8,3.0,0.82,3.0,2020-04-16,Index
Philippines,0.7,3.0,0.75,3.0,2020-04-16,Index
Portugal,0.77,3.0,0.78,3.0,2020-04-16,Index
Qatar,0.88,2.0,0.89,2.0,2020-04-16,Index
South Korea,0.86,3.0,0.85,3.0,2020-04-16,Index
Spain,0.74,3.0,0.75,3.0,2020-04-16,Index
Switzerland,0.91,2.0,0.9,2.0,2020-04-16,Index
United Arab Emirates,0.73,3.0,0.74,3.0,2020-04-16,Index
United Kingdom,0.77,3.0,0.77,3.0,2020-04-16,Index
United States,0.9,2.0,0.89,2.0,2020-04-16,Index
Albania,0.0377,3.0,0.0566,3.0,2020-04-16,Office Presence
Argentina,0.1204,3.0,0.3593,3.0,2020-04-16,Office Presence
Armenia,0.027000000000000003,3.0,0.0135,3.0,2020-04-16,Office Presence
Australia,0.0048,3.0,0.0147,3.0,2020-04-16,Office Presence
Austria,0.0198,3.0,0.0403,3.0,2020-04-16,Office Presence
Azerbaijan,0.016,3.0,0.012,3.0,2020-04-16,Office Presence
Bahrain,0.0,3.0,0.0787,3.0,2020-04-16,Office Presence
Belarus,0.0498,3.0,0.0444,3.0,2020-04-16,Office Presence
Belgium,0.0334,3.0,0.0369,3.0,2020-04-16,Office Presence
Bermuda,0.0118,3.0,0.0059,3.0,2020-04-16,Office Presence
Bolivia,0.0139,3.0,0.0139,3.0,2020-04-16,Office Presence
Brazil,0.0125,3.0,0.0321,3.0,2020-04-16,Office Presence
British Virgin Islands,0.0,3.0,0.0,3.0,2020-04-16,Office Presence
Bulgaria,0.0621,3.0,0.0686,3.0,2020-04-16,Office Presence
Cambodia,0.7273,1.0,0.5,1.0,2020-04-16,Office Presence
Cameroon,0.0105,3.0,0.0842,3.0,2020-04-16,Office Presence
Canada,0.0042,3.0,0.0125,3.0,2020-04-16,Office Presence
Cayman Islands,0.0141,3.0,0.0094,3.0,2020-04-16,Office Presence
Chad,0.6154,2.0,0.5385,2.0,2020-04-16,Office Presence
Chile,0.0062,3.0,0.0075,3.0,2020-04-16,Office Presence
China,0.4304,2.0,0.3942,2.0,2020-04-16,Office Presence
Colombia,0.0068,3.0,0.0062,3.0,2020-04-16,Office Presence
Congo,0.0732,3.0,0.0488,3.0,2020-04-16,Office Presence
Costa Rica,0.0013,3.0,0.0013,3.0,2020-04-16,Office Presence
Cote d'Ivoire,0.25,3.0,0.2258,3.0,2020-04-16,Office Presence
Croatia,0.0076,3.0,0.0038,3.0,2020-04-16,Office Presence
Cyprus,0.1489,3.0,0.1365,3.0,2020-04-16,Office Presence
Czech Republic,0.0141,3.0,0.0547,3.0,2020-04-16,Office Presence
Denmark,0.0175,3.0,0.031,3.0,2020-04-16,Office Presence
Dominican Republic,0.0085,3.0,0.0085,3.0,2020-04-16,Office Presence
Ecuador,0.0036,3.0,0.0036,3.0,2020-04-16,Office Presence
Egypt,0.0,3.0,0.048,3.0,2020-04-16,Office Presence
El Salvador,0.0167,3.0,0.0083,3.0,2020-04-16,Office Presence
Equatorial Guinea,0.5714,2.0,0.619,2.0,2020-04-16,Office Presence
Fiji,0.0792,3.0,0.2941,3.0,2020-04-16,Office Presence
Finland,0.0105,3.0,0.0919,3.0,2020-04-16,Office Presence
France,0.0116,3.0,0.0108,3.0,2020-04-16,Office Presence
Gabon,0.3478,3.0,0.0725,3.0,2020-04-16,Office Presence
Georgia,0.0093,3.0,0.013999999999999999,3.0,2020-04-16,Office Presence
Germany,0.0108,3.0,0.0323,3.0,2020-04-16,Office Presence
Greece,0.0215,3.0,0.0163,3.0,2020-04-16,Office Presence
Guam,0.0896,3.0,0.1493,3.0,2020-04-16,Office Presence
Guinea,0.7778,1.0,0.7222,1.0,2020-04-16,Office Presence
Hungary,0.0147,3.0,0.0551,3.0,2020-04-16,Office Presence
Iceland,0.08199999999999999,3.0,0.1148,3.0,2020-04-16,Office Presence
India,0.0112,3.0,0.0095,3.0,2020-04-16,Office Presence
Indonesia,0.0046,3.0,0.1025,3.0,2020-04-16,Office Presence
Ireland,0.0028,3.0,0.0042,3.0,2020-04-16,Office Presence
Isle of Man,0.0385,3.0,0.0769,3.0,2020-04-16,Office Presence
Israel,0.0241,3.0,0.0267,3.0,2020-04-16,Office Presence
Italy,0.0172,3.0,0.021,3.0,2020-04-16,Office Presence
Jamaica,0.009000000000000001,3.0,0.1622,3.0,2020-04-16,Office Presence
Japan,0.4598,2.0,0.4026,2.0,2020-04-16,Office Presence
Kazakhstan,0.0142,3.0,0.0114,3.0,2020-04-16,Office Presence
Kenya,0.0339,3.0,0.0678,3.0,2020-04-16,Office Presence
Kuwait,0.0,3.0,0.0745,3.0,2020-04-16,Office Presence
LaosÂ ,0.0,3.0,0.0,3.0,2020-04-16,Office Presence
Lebanon,0.0,3.0,0.0,3.0,2020-04-16,Office Presence
Liechtenstein,0.0714,3.0,0.0714,3.0,2020-04-16,Office Presence
Lithuania,0.0031,3.0,0.0031,3.0,2020-04-16,Office Presence
Luxembourg,0.0782,3.0,0.0521,3.0,2020-04-16,Office Presence
Macedonia,0.0444,3.0,0.0667,3.0,2020-04-16,Office Presence
Malawi,0.1667,3.0,0.2564,3.0,2020-04-16,Office Presence
Malaysia,0.0035,3.0,0.0032,3.0,2020-04-16,Office Presence
Maldives,0.02,3.0,0.42,3.0,2020-04-16,Office Presence
Mauritius,0.0,3.0,0.0,3.0,2020-04-16,Office Presence
Mexico,0.0048,3.0,0.006,3.0,2020-04-16,Office Presence
Mongolia,0.5054,2.0,0.5269,2.0,2020-04-16,Office Presence
Morocco,0.0153,3.0,0.0153,3.0,2020-04-16,Office Presence
Mozambique,0.1046,3.0,0.2903,3.0,2020-04-16,Office Presence
Netherlands,0.0399,3.0,0.0353,3.0,2020-04-16,Office Presence
New Zealand,0.0028,3.0,0.0028,3.0,2020-04-16,Office Presence
Northern Mariana Islands,0.6667,2.0,0.5556,2.0,2020-04-16,Office Presence
Norway,0.0092,3.0,0.0103,3.0,2020-04-16,Office Presence
Oman,0.0,3.0,0.0114,3.0,2020-04-16,Office Presence
Pakistan,0.0,3.0,0.0211,3.0,2020-04-16,Office Presence
Paraguay,0.0057,3.0,0.0057,3.0,2020-04-16,Office Presence
Peru,0.0125,3.0,0.0137,3.0,2020-04-16,Office Presence
Philippines,0.0075,3.0,0.0078,3.0,2020-04-16,Office Presence
Poland,0.0178,3.0,0.0326,3.0,2020-04-16,Office Presence
Portugal,0.0033,3.0,0.0075,3.0,2020-04-16,Office Presence
Qatar,0.0,3.0,0.0401,3.0,2020-04-16,Office Presence
Republic of the Congo,0.0,3.0,0.0,3.0,2020-04-16,Office Presence
Romania,0.0342,3.0,0.0273,3.0,2020-04-16,Office Presence
Russian Federation,0.0328,3.0,0.0297,3.0,2020-04-16,Office Presence
Rwanda,0.0,3.0,0.0,3.0,2020-04-16,Office Presence
Saudi Arabia,0.0,3.0,0.0048,3.0,2020-04-16,Office Presence
Senegal,0.2174,3.0,0.1739,3.0,2020-04-16,Office Presence
Serbia,0.0273,3.0,0.0156,3.0,2020-04-16,Office Presence
Singapore,0.0712,3.0,0.0868,3.0,2020-04-16,Office Presence
Slovakia,0.0069,3.0,0.0382,3.0,2020-04-16,Office Presence
Slovenia,0.0331,3.0,0.0199,3.0,2020-04-16,Office Presence
South Africa,0.0008,3.0,0.0012,3.0,2020-04-16,Office Presence
South Korea,0.4115,2.0,0.3948,2.0,2020-04-16,Office Presence
Spain,0.0047,3.0,0.0023,3.0,2020-04-16,Office Presence
Sri Lanka,0.0019,3.0,0.0057,3.0,2020-04-16,Office Presence
Sweden,0.0327,3.0,0.1804,3.0,2020-04-16,Office Presence
Switzerland,0.006,3.0,0.0284,3.0,2020-04-16,Office Presence
Syria,0.0,3.0,0.0488,3.0,2020-04-16,Office Presence
Taiwan,0.6969,2.0,0.6181,2.0,2020-04-16,Office Presence
Tanzania,0.0,3.0,0.0,3.0,2020-04-16,Office Presence
Thailand,0.2675,3.0,0.1764,3.0,2020-04-16,Office Presence
Trinidad and Tobago,0.0152,3.0,0.0379,3.0,2020-04-16,Office Presence
Tunisia,0.0023,3.0,0.0023,3.0,2020-04-16,Office Presence
Turkey,0.0622,3.0,0.0568,3.0,2020-04-16,Office Presence
Ukraine,0.0371,3.0,0.0402,3.0,2020-04-16,Office Presence
United Arab Emirates,0.0,3.0,0.01,3.0,2020-04-16,Office Presence
United Kingdom,0.0053,3.0,0.006,3.0,2020-04-16,Office Presence
United States,0.0418,3.0,0.0505,3.0,2020-04-16,Office Presence
Uzbekistan,0.0109,3.0,0.0435,3.0,2020-04-16,Office Presence
Venezuela,0.0035,3.0,0.0177,3.0,2020-04-16,Office Presence
Vietnam,0.2846,3.0,0.1891,3.0,2020-04-16,Office Presence
Zambia,0.0,3.0,0.3333,3.0,2020-04-16,Office Presence
