Date,Close,Index,Country,Close_1day,Relative
2019-12-02,3113.87,SP500: EEUU,EEUU,3113.87,1.0
2019-12-03,3093.2,SP500: EEUU,EEUU,3113.87,0.99
2019-12-04,3112.76,SP500: EEUU,EEUU,3113.87,1.0
2019-12-05,3117.43,SP500: EEUU,EEUU,3113.87,1.0
2019-12-06,3145.91,SP500: EEUU,EEUU,3113.87,1.01
2019-12-09,3135.96,SP500: EEUU,EEUU,3113.87,1.01
2019-12-10,3132.52,SP500: EEUU,EEUU,3113.87,1.01
2019-12-11,3141.63,SP500: EEUU,EEUU,3113.87,1.01
2019-12-12,3168.57,SP500: EEUU,EEUU,3113.87,1.02
2019-12-13,3168.8,SP500: EEUU,EEUU,3113.87,1.02
2019-12-16,3191.45,SP500: EEUU,EEUU,3113.87,1.02
2019-12-17,3192.52,SP500: EEUU,EEUU,3113.87,1.03
2019-12-18,3191.14,SP500: EEUU,EEUU,3113.87,1.02
2019-12-19,3205.37,SP500: EEUU,EEUU,3113.87,1.03
2019-12-20,3221.22,SP500: EEUU,EEUU,3113.87,1.03
2019-12-23,3224.01,SP500: EEUU,EEUU,3113.87,1.04
2019-12-24,3223.38,SP500: EEUU,EEUU,3113.87,1.04
2019-12-26,3239.91,SP500: EEUU,EEUU,3113.87,1.04
2019-12-27,3240.02,SP500: EEUU,EEUU,3113.87,1.04
2019-12-30,3221.29,SP500: EEUU,EEUU,3113.87,1.03
2019-12-31,3230.78,SP500: EEUU,EEUU,3113.87,1.04
2020-01-02,3257.85,SP500: EEUU,EEUU,3113.87,1.05
2020-01-03,3234.85,SP500: EEUU,EEUU,3113.87,1.04
2020-01-06,3246.28,SP500: EEUU,EEUU,3113.87,1.04
2020-01-07,3237.18,SP500: EEUU,EEUU,3113.87,1.04
2020-01-08,3253.05,SP500: EEUU,EEUU,3113.87,1.04
2020-01-09,3274.7,SP500: EEUU,EEUU,3113.87,1.05
2020-01-10,3265.35,SP500: EEUU,EEUU,3113.87,1.05
2020-01-13,3288.13,SP500: EEUU,EEUU,3113.87,1.06
2020-01-14,3283.15,SP500: EEUU,EEUU,3113.87,1.05
2020-01-15,3289.29,SP500: EEUU,EEUU,3113.87,1.06
2020-01-16,3316.81,SP500: EEUU,EEUU,3113.87,1.07
2020-01-17,3329.62,SP500: EEUU,EEUU,3113.87,1.07
2020-01-21,3320.79,SP500: EEUU,EEUU,3113.87,1.07
2020-01-22,3321.75,SP500: EEUU,EEUU,3113.87,1.07
2020-01-23,3325.54,SP500: EEUU,EEUU,3113.87,1.07
2020-01-24,3295.47,SP500: EEUU,EEUU,3113.87,1.06
2020-01-27,3243.63,SP500: EEUU,EEUU,3113.87,1.04
2020-01-28,3276.24,SP500: EEUU,EEUU,3113.87,1.05
2020-01-29,3273.4,SP500: EEUU,EEUU,3113.87,1.05
2020-01-30,3283.66,SP500: EEUU,EEUU,3113.87,1.05
2020-01-31,3225.52,SP500: EEUU,EEUU,3113.87,1.04
2020-02-03,3248.92,SP500: EEUU,EEUU,3113.87,1.04
2020-02-04,3297.59,SP500: EEUU,EEUU,3113.87,1.06
2020-02-05,3334.69,SP500: EEUU,EEUU,3113.87,1.07
2020-02-06,3345.78,SP500: EEUU,EEUU,3113.87,1.07
2020-02-07,3327.71,SP500: EEUU,EEUU,3113.87,1.07
2020-02-10,3352.09,SP500: EEUU,EEUU,3113.87,1.08
2020-02-11,3357.75,SP500: EEUU,EEUU,3113.87,1.08
2020-02-12,3379.45,SP500: EEUU,EEUU,3113.87,1.09
2020-02-13,3373.94,SP500: EEUU,EEUU,3113.87,1.08
2020-02-14,3380.16,SP500: EEUU,EEUU,3113.87,1.09
2020-02-18,3370.29,SP500: EEUU,EEUU,3113.87,1.08
2020-02-19,3386.15,SP500: EEUU,EEUU,3113.87,1.09
2020-02-20,3373.23,SP500: EEUU,EEUU,3113.87,1.08
2020-02-21,3337.75,SP500: EEUU,EEUU,3113.87,1.07
2020-02-24,3225.89,SP500: EEUU,EEUU,3113.87,1.04
2020-02-25,3128.21,SP500: EEUU,EEUU,3113.87,1.0
2020-02-26,3116.39,SP500: EEUU,EEUU,3113.87,1.0
2020-02-27,2978.76,SP500: EEUU,EEUU,3113.87,0.96
2020-02-28,2954.22,SP500: EEUU,EEUU,3113.87,0.95
2020-03-02,3090.23,SP500: EEUU,EEUU,3113.87,0.99
2020-03-03,3003.37,SP500: EEUU,EEUU,3113.87,0.96
2020-03-04,3130.12,SP500: EEUU,EEUU,3113.87,1.01
2020-03-05,3023.94,SP500: EEUU,EEUU,3113.87,0.97
2020-03-06,2972.37,SP500: EEUU,EEUU,3113.87,0.95
2020-03-09,2746.56,SP500: EEUU,EEUU,3113.87,0.88
2020-03-10,2882.23,SP500: EEUU,EEUU,3113.87,0.93
2020-03-11,2741.38,SP500: EEUU,EEUU,3113.87,0.88
2020-03-12,2480.64,SP500: EEUU,EEUU,3113.87,0.8
2020-03-13,2711.02,SP500: EEUU,EEUU,3113.87,0.87
2020-03-16,2386.13,SP500: EEUU,EEUU,3113.87,0.77
2020-03-17,2529.19,SP500: EEUU,EEUU,3113.87,0.81
2020-03-18,2398.1,SP500: EEUU,EEUU,3113.87,0.77
2020-03-19,2409.39,SP500: EEUU,EEUU,3113.87,0.77
2020-03-20,2304.92,SP500: EEUU,EEUU,3113.87,0.74
2020-03-23,2237.4,SP500: EEUU,EEUU,3113.87,0.72
2020-03-24,2447.33,SP500: EEUU,EEUU,3113.87,0.79
2020-03-25,2475.56,SP500: EEUU,EEUU,3113.87,0.8
2020-03-26,2630.07,SP500: EEUU,EEUU,3113.87,0.84
2020-03-27,2541.47,SP500: EEUU,EEUU,3113.87,0.82
2020-03-30,2626.65,SP500: EEUU,EEUU,3113.87,0.84
2020-03-31,2584.59,SP500: EEUU,EEUU,3113.87,0.83
2020-04-01,2470.5,SP500: EEUU,EEUU,3113.87,0.79
2020-04-02,2526.9,SP500: EEUU,EEUU,3113.87,0.81
2020-04-03,2488.65,SP500: EEUU,EEUU,3113.87,0.8
2020-04-06,2663.68,SP500: EEUU,EEUU,3113.87,0.86
2020-04-07,2659.41,SP500: EEUU,EEUU,3113.87,0.85
2020-04-08,2749.98,SP500: EEUU,EEUU,3113.87,0.88
2020-04-09,2789.82,SP500: EEUU,EEUU,3113.87,0.9
2020-04-13,2747.38,SP500: EEUU,EEUU,3113.87,0.88
2019-12-02,2875.81,SSE_Composite: China,China,2875.81,1.0
2019-12-03,2884.7,SSE_Composite: China,China,2875.81,1.0
2019-12-04,2878.12,SSE_Composite: China,China,2875.81,1.0
2019-12-05,2899.47,SSE_Composite: China,China,2875.81,1.01
2019-12-06,2912.01,SSE_Composite: China,China,2875.81,1.01
2019-12-09,2914.48,SSE_Composite: China,China,2875.81,1.01
2019-12-10,2917.32,SSE_Composite: China,China,2875.81,1.01
2019-12-11,2924.42,SSE_Composite: China,China,2875.81,1.02
2019-12-12,2915.7,SSE_Composite: China,China,2875.81,1.01
2019-12-13,2967.68,SSE_Composite: China,China,2875.81,1.03
2019-12-16,2984.39,SSE_Composite: China,China,2875.81,1.04
2019-12-17,3022.42,SSE_Composite: China,China,2875.81,1.05
2019-12-18,3017.04,SSE_Composite: China,China,2875.81,1.05
2019-12-20,3004.94,SSE_Composite: China,China,2875.81,1.04
2019-12-23,2962.75,SSE_Composite: China,China,2875.81,1.03
2019-12-24,2982.68,SSE_Composite: China,China,2875.81,1.04
2019-12-25,2981.88,SSE_Composite: China,China,2875.81,1.04
2019-12-26,3007.35,SSE_Composite: China,China,2875.81,1.05
2019-12-27,3005.04,SSE_Composite: China,China,2875.81,1.04
2019-12-30,3040.02,SSE_Composite: China,China,2875.81,1.06
2019-12-31,3050.12,SSE_Composite: China,China,2875.81,1.06
2020-01-02,3085.2,SSE_Composite: China,China,2875.81,1.07
2020-01-03,3083.79,SSE_Composite: China,China,2875.81,1.07
2020-01-06,3083.41,SSE_Composite: China,China,2875.81,1.07
2020-01-07,3104.8,SSE_Composite: China,China,2875.81,1.08
2020-01-08,3066.89,SSE_Composite: China,China,2875.81,1.07
2020-01-09,3094.88,SSE_Composite: China,China,2875.81,1.08
2020-01-10,3092.29,SSE_Composite: China,China,2875.81,1.08
2020-01-13,3115.57,SSE_Composite: China,China,2875.81,1.08
2020-01-14,3106.82,SSE_Composite: China,China,2875.81,1.08
2020-01-15,3090.04,SSE_Composite: China,China,2875.81,1.07
2020-01-16,3074.08,SSE_Composite: China,China,2875.81,1.07
2020-01-17,3075.5,SSE_Composite: China,China,2875.81,1.07
2020-01-20,3095.79,SSE_Composite: China,China,2875.81,1.08
2020-01-21,3052.14,SSE_Composite: China,China,2875.81,1.06
2020-01-22,3060.75,SSE_Composite: China,China,2875.81,1.06
2020-01-23,2976.53,SSE_Composite: China,China,2875.81,1.04
2020-02-03,2746.61,SSE_Composite: China,China,2875.81,0.96
2020-02-04,2783.29,SSE_Composite: China,China,2875.81,0.97
2020-02-05,2818.09,SSE_Composite: China,China,2875.81,0.98
2020-02-06,2866.51,SSE_Composite: China,China,2875.81,1.0
2020-02-07,2875.96,SSE_Composite: China,China,2875.81,1.0
2020-02-10,2890.49,SSE_Composite: China,China,2875.81,1.01
2020-02-11,2901.67,SSE_Composite: China,China,2875.81,1.01
2020-02-12,2926.9,SSE_Composite: China,China,2875.81,1.02
2020-02-13,2906.07,SSE_Composite: China,China,2875.81,1.01
2020-02-14,2917.01,SSE_Composite: China,China,2875.81,1.01
2020-02-17,2983.62,SSE_Composite: China,China,2875.81,1.04
2020-02-18,2984.97,SSE_Composite: China,China,2875.81,1.04
2020-02-19,2975.4,SSE_Composite: China,China,2875.81,1.03
2020-02-20,3030.15,SSE_Composite: China,China,2875.81,1.05
2020-02-21,3039.67,SSE_Composite: China,China,2875.81,1.06
2020-02-24,3031.23,SSE_Composite: China,China,2875.81,1.05
2020-02-25,3013.05,SSE_Composite: China,China,2875.81,1.05
2020-02-26,2987.93,SSE_Composite: China,China,2875.81,1.04
2020-02-27,2991.33,SSE_Composite: China,China,2875.81,1.04
2020-02-28,2880.3,SSE_Composite: China,China,2875.81,1.0
2020-03-02,2970.93,SSE_Composite: China,China,2875.81,1.03
2020-03-03,2992.9,SSE_Composite: China,China,2875.81,1.04
2020-03-04,3011.67,SSE_Composite: China,China,2875.81,1.05
2020-03-05,3071.68,SSE_Composite: China,China,2875.81,1.07
2020-03-06,3034.51,SSE_Composite: China,China,2875.81,1.06
2020-03-09,2943.29,SSE_Composite: China,China,2875.81,1.02
2020-03-10,2996.76,SSE_Composite: China,China,2875.81,1.04
2020-03-11,2968.52,SSE_Composite: China,China,2875.81,1.03
2020-03-12,2923.49,SSE_Composite: China,China,2875.81,1.02
2020-03-13,2887.43,SSE_Composite: China,China,2875.81,1.0
2020-03-16,2789.25,SSE_Composite: China,China,2875.81,0.97
2020-03-17,2779.64,SSE_Composite: China,China,2875.81,0.97
2020-03-18,2728.76,SSE_Composite: China,China,2875.81,0.95
2020-03-19,2702.13,SSE_Composite: China,China,2875.81,0.94
2020-03-20,2745.62,SSE_Composite: China,China,2875.81,0.95
2020-03-23,2660.17,SSE_Composite: China,China,2875.81,0.93
2020-03-24,2722.44,SSE_Composite: China,China,2875.81,0.95
2020-03-25,2781.59,SSE_Composite: China,China,2875.81,0.97
2020-03-26,2764.91,SSE_Composite: China,China,2875.81,0.96
2020-03-27,2772.2,SSE_Composite: China,China,2875.81,0.96
2020-03-30,2747.21,SSE_Composite: China,China,2875.81,0.96
2020-03-31,2750.3,SSE_Composite: China,China,2875.81,0.96
2020-04-01,2734.52,SSE_Composite: China,China,2875.81,0.95
2020-04-02,2780.64,SSE_Composite: China,China,2875.81,0.97
2020-04-03,2763.99,SSE_Composite: China,China,2875.81,0.96
2020-04-07,2820.76,SSE_Composite: China,China,2875.81,0.98
2020-04-08,2815.37,SSE_Composite: China,China,2875.81,0.98
2020-04-09,2825.9,SSE_Composite: China,China,2875.81,0.98
2020-04-10,2796.63,SSE_Composite: China,China,2875.81,0.97
2020-04-13,2783.05,SSE_Composite: China,China,2875.81,0.97
2019-12-02,23529.5,N225 : Japan,Japan,23529.5,1.0
2019-12-03,23379.81,N225 : Japan,Japan,23529.5,0.99
2019-12-04,23135.23,N225 : Japan,Japan,23529.5,0.98
2019-12-05,23300.09,N225 : Japan,Japan,23529.5,0.99
2019-12-06,23354.4,N225 : Japan,Japan,23529.5,0.99
2019-12-09,23430.7,N225 : Japan,Japan,23529.5,1.0
2019-12-10,23410.19,N225 : Japan,Japan,23529.5,0.99
2019-12-11,23391.86,N225 : Japan,Japan,23529.5,0.99
2019-12-12,23424.81,N225 : Japan,Japan,23529.5,1.0
2019-12-13,24023.1,N225 : Japan,Japan,23529.5,1.02
2019-12-16,23952.35,N225 : Japan,Japan,23529.5,1.02
2019-12-17,24066.12,N225 : Japan,Japan,23529.5,1.02
2019-12-18,23934.43,N225 : Japan,Japan,23529.5,1.02
2019-12-19,23864.85,N225 : Japan,Japan,23529.5,1.01
2019-12-20,23816.63,N225 : Japan,Japan,23529.5,1.01
2019-12-23,23821.11,N225 : Japan,Japan,23529.5,1.01
2019-12-24,23830.58,N225 : Japan,Japan,23529.5,1.01
2019-12-25,23782.87,N225 : Japan,Japan,23529.5,1.01
2019-12-26,23924.92,N225 : Japan,Japan,23529.5,1.02
2019-12-27,23837.72,N225 : Japan,Japan,23529.5,1.01
2019-12-30,23656.62,N225 : Japan,Japan,23529.5,1.01
2020-01-06,23204.86,N225 : Japan,Japan,23529.5,0.99
2020-01-07,23575.72,N225 : Japan,Japan,23529.5,1.0
2020-01-08,23204.76,N225 : Japan,Japan,23529.5,0.99
2020-01-09,23739.87,N225 : Japan,Japan,23529.5,1.01
2020-01-10,23850.57,N225 : Japan,Japan,23529.5,1.01
2020-01-14,24025.17,N225 : Japan,Japan,23529.5,1.02
2020-01-15,23916.58,N225 : Japan,Japan,23529.5,1.02
2020-01-16,23933.13,N225 : Japan,Japan,23529.5,1.02
2020-01-17,24041.26,N225 : Japan,Japan,23529.5,1.02
2020-01-20,24083.51,N225 : Japan,Japan,23529.5,1.02
2020-01-21,23864.56,N225 : Japan,Japan,23529.5,1.01
2020-01-22,24031.35,N225 : Japan,Japan,23529.5,1.02
2020-01-23,23795.44,N225 : Japan,Japan,23529.5,1.01
2020-01-24,23827.18,N225 : Japan,Japan,23529.5,1.01
2020-01-27,23343.51,N225 : Japan,Japan,23529.5,0.99
2020-01-28,23215.71,N225 : Japan,Japan,23529.5,0.99
2020-01-29,23379.4,N225 : Japan,Japan,23529.5,0.99
2020-01-30,22977.75,N225 : Japan,Japan,23529.5,0.98
2020-01-31,23205.18,N225 : Japan,Japan,23529.5,0.99
2020-02-03,22971.94,N225 : Japan,Japan,23529.5,0.98
2020-02-04,23084.59,N225 : Japan,Japan,23529.5,0.98
2020-02-05,23319.56,N225 : Japan,Japan,23529.5,0.99
2020-02-06,23873.59,N225 : Japan,Japan,23529.5,1.01
2020-02-07,23827.98,N225 : Japan,Japan,23529.5,1.01
2020-02-10,23685.98,N225 : Japan,Japan,23529.5,1.01
2020-02-12,23861.21,N225 : Japan,Japan,23529.5,1.01
2020-02-13,23827.73,N225 : Japan,Japan,23529.5,1.01
2020-02-14,23687.59,N225 : Japan,Japan,23529.5,1.01
2020-02-17,23523.24,N225 : Japan,Japan,23529.5,1.0
2020-02-18,23193.8,N225 : Japan,Japan,23529.5,0.99
2020-02-19,23400.7,N225 : Japan,Japan,23529.5,0.99
2020-02-20,23479.15,N225 : Japan,Japan,23529.5,1.0
2020-02-21,23386.74,N225 : Japan,Japan,23529.5,0.99
2020-02-25,22605.41,N225 : Japan,Japan,23529.5,0.96
2020-02-26,22426.19,N225 : Japan,Japan,23529.5,0.95
2020-02-27,21948.23,N225 : Japan,Japan,23529.5,0.93
2020-02-28,21142.96,N225 : Japan,Japan,23529.5,0.9
2020-03-02,21344.08,N225 : Japan,Japan,23529.5,0.91
2020-03-03,21082.73,N225 : Japan,Japan,23529.5,0.9
2020-03-04,21100.06,N225 : Japan,Japan,23529.5,0.9
2020-03-05,21329.12,N225 : Japan,Japan,23529.5,0.91
2020-03-06,20749.75,N225 : Japan,Japan,23529.5,0.88
2020-03-09,19698.76,N225 : Japan,Japan,23529.5,0.84
2020-03-10,19867.12,N225 : Japan,Japan,23529.5,0.84
2020-03-11,19416.06,N225 : Japan,Japan,23529.5,0.83
2020-03-12,18559.63,N225 : Japan,Japan,23529.5,0.79
2020-03-13,17431.05,N225 : Japan,Japan,23529.5,0.74
2020-03-16,17002.04,N225 : Japan,Japan,23529.5,0.72
2020-03-17,17011.53,N225 : Japan,Japan,23529.5,0.72
2020-03-18,16726.55,N225 : Japan,Japan,23529.5,0.71
2020-03-19,16552.83,N225 : Japan,Japan,23529.5,0.7
2020-03-23,16887.78,N225 : Japan,Japan,23529.5,0.72
2020-03-24,18092.35,N225 : Japan,Japan,23529.5,0.77
2020-03-25,19546.63,N225 : Japan,Japan,23529.5,0.83
2020-03-26,18664.6,N225 : Japan,Japan,23529.5,0.79
2020-03-27,19389.43,N225 : Japan,Japan,23529.5,0.82
2020-03-30,19084.97,N225 : Japan,Japan,23529.5,0.81
2020-03-31,18917.01,N225 : Japan,Japan,23529.5,0.8
2020-04-01,18065.41,N225 : Japan,Japan,23529.5,0.77
2020-04-02,17818.72,N225 : Japan,Japan,23529.5,0.76
2020-04-03,17820.19,N225 : Japan,Japan,23529.5,0.76
2020-04-06,18576.3,N225 : Japan,Japan,23529.5,0.79
2020-04-07,18950.18,N225 : Japan,Japan,23529.5,0.81
2020-04-08,19353.24,N225 : Japan,Japan,23529.5,0.82
2020-04-09,19345.77,N225 : Japan,Japan,23529.5,0.82
2020-04-10,19498.5,N225 : Japan,Japan,23529.5,0.83
2020-04-13,19043.4,N225 : Japan,Japan,23529.5,0.81
2019-12-02,4035.77,FTAS : United Kingdom,United Kingdom,4035.77,1.0
2019-12-03,3971.65,FTAS : United Kingdom,United Kingdom,4035.77,0.98
2019-12-04,3990.92,FTAS : United Kingdom,United Kingdom,4035.77,0.99
2019-12-05,3969.84,FTAS : United Kingdom,United Kingdom,4035.77,0.98
2019-12-06,4023.21,FTAS : United Kingdom,United Kingdom,4035.77,1.0
2019-12-09,4020.33,FTAS : United Kingdom,United Kingdom,4035.77,1.0
2019-12-10,4006.12,FTAS : United Kingdom,United Kingdom,4035.77,0.99
2019-12-11,4003.03,FTAS : United Kingdom,United Kingdom,4035.77,0.99
2019-12-12,4033.41,FTAS : United Kingdom,United Kingdom,4035.77,1.0
2019-12-13,4095.03,FTAS : United Kingdom,United Kingdom,4035.77,1.01
2019-12-16,4183.97,FTAS : United Kingdom,United Kingdom,4035.77,1.04
2019-12-17,4179.54,FTAS : United Kingdom,United Kingdom,4035.77,1.04
2019-12-18,4186.14,FTAS : United Kingdom,United Kingdom,4035.77,1.04
2019-12-19,4200.87,FTAS : United Kingdom,United Kingdom,4035.77,1.04
2019-12-20,4206.27,FTAS : United Kingdom,United Kingdom,4035.77,1.04
2019-12-23,4230.51,FTAS : United Kingdom,United Kingdom,4035.77,1.05
2019-12-24,4239.28,FTAS : United Kingdom,United Kingdom,4035.77,1.05
2019-12-27,4247.59,FTAS : United Kingdom,United Kingdom,4035.77,1.05
2019-12-30,4217.82,FTAS : United Kingdom,United Kingdom,4035.77,1.05
2019-12-31,4196.47,FTAS : United Kingdom,United Kingdom,4035.77,1.04
2020-01-02,4231.66,FTAS : United Kingdom,United Kingdom,4035.77,1.05
2020-01-03,4235.65,FTAS : United Kingdom,United Kingdom,4035.77,1.05
2020-01-06,4206.97,FTAS : United Kingdom,United Kingdom,4035.77,1.04
2020-01-07,4209.34,FTAS : United Kingdom,United Kingdom,4035.77,1.04
2020-01-08,4203.44,FTAS : United Kingdom,United Kingdom,4035.77,1.04
2020-01-09,4213.77,FTAS : United Kingdom,United Kingdom,4035.77,1.04
2020-01-10,4206.72,FTAS : United Kingdom,United Kingdom,4035.77,1.04
2020-01-13,4225.78,FTAS : United Kingdom,United Kingdom,4035.77,1.05
2020-01-14,4229.23,FTAS : United Kingdom,United Kingdom,4035.77,1.05
2020-01-15,4237.59,FTAS : United Kingdom,United Kingdom,4035.77,1.05
2020-01-16,4222.79,FTAS : United Kingdom,United Kingdom,4035.77,1.05
2020-01-17,4257.93,FTAS : United Kingdom,United Kingdom,4035.77,1.06
2020-01-20,4245.57,FTAS : United Kingdom,United Kingdom,4035.77,1.05
2020-01-21,4223.35,FTAS : United Kingdom,United Kingdom,4035.77,1.05
2020-01-22,4206.93,FTAS : United Kingdom,United Kingdom,4035.77,1.04
2020-01-23,4170.34,FTAS : United Kingdom,United Kingdom,4035.77,1.03
2020-01-24,4213.14,FTAS : United Kingdom,United Kingdom,4035.77,1.04
2020-01-27,4118.99,FTAS : United Kingdom,United Kingdom,4035.77,1.02
2020-01-28,4154.59,FTAS : United Kingdom,United Kingdom,4035.77,1.03
2020-01-29,4157.33,FTAS : United Kingdom,United Kingdom,4035.77,1.03
2020-01-30,4105.32,FTAS : United Kingdom,United Kingdom,4035.77,1.02
2020-01-31,4057.47,FTAS : United Kingdom,United Kingdom,4035.77,1.01
2020-02-03,4076.19,FTAS : United Kingdom,United Kingdom,4035.77,1.01
2020-02-04,4136.76,FTAS : United Kingdom,United Kingdom,4035.77,1.03
2020-02-05,4159.03,FTAS : United Kingdom,United Kingdom,4035.77,1.03
2020-02-06,4170.89,FTAS : United Kingdom,United Kingdom,4035.77,1.03
2020-02-07,4151.15,FTAS : United Kingdom,United Kingdom,4035.77,1.03
2020-02-10,4141.62,FTAS : United Kingdom,United Kingdom,4035.77,1.03
2020-02-11,4170.07,FTAS : United Kingdom,United Kingdom,4035.77,1.03
2020-02-12,4191.17,FTAS : United Kingdom,United Kingdom,4035.77,1.04
2020-02-13,4150.02,FTAS : United Kingdom,United Kingdom,4035.77,1.03
2020-02-14,4135.07,FTAS : United Kingdom,United Kingdom,4035.77,1.02
2020-02-17,4147.1,FTAS : United Kingdom,United Kingdom,4035.77,1.03
2020-02-18,4118.84,FTAS : United Kingdom,United Kingdom,4035.77,1.02
2020-02-19,4158.3,FTAS : United Kingdom,United Kingdom,4035.77,1.03
2020-02-20,4150.19,FTAS : United Kingdom,United Kingdom,4035.77,1.03
2020-02-21,4132.71,FTAS : United Kingdom,United Kingdom,4035.77,1.02
2020-02-24,3998.13,FTAS : United Kingdom,United Kingdom,4035.77,0.99
2020-02-25,3921.63,FTAS : United Kingdom,United Kingdom,4035.77,0.97
2020-02-26,3928.0,FTAS : United Kingdom,United Kingdom,4035.77,0.97
2020-02-27,3787.97,FTAS : United Kingdom,United Kingdom,4035.77,0.94
2020-02-28,3673.61,FTAS : United Kingdom,United Kingdom,4035.77,0.91
2020-03-02,3706.83,FTAS : United Kingdom,United Kingdom,4035.77,0.92
2020-03-03,3749.09,FTAS : United Kingdom,United Kingdom,4035.77,0.93
2020-03-04,3795.38,FTAS : United Kingdom,United Kingdom,4035.77,0.94
2020-03-05,3731.49,FTAS : United Kingdom,United Kingdom,4035.77,0.92
2020-03-06,3600.95,FTAS : United Kingdom,United Kingdom,4035.77,0.89
2020-03-09,3334.86,FTAS : United Kingdom,United Kingdom,4035.77,0.83
2020-03-10,3332.98,FTAS : United Kingdom,United Kingdom,4035.77,0.83
2020-03-11,3287.07,FTAS : United Kingdom,United Kingdom,4035.77,0.81
2020-03-12,2942.21,FTAS : United Kingdom,United Kingdom,4035.77,0.73
2020-03-13,2994.4,FTAS : United Kingdom,United Kingdom,4035.77,0.74
2020-03-16,2848.87,FTAS : United Kingdom,United Kingdom,4035.77,0.71
2020-03-17,2894.32,FTAS : United Kingdom,United Kingdom,4035.77,0.72
2020-03-18,2764.48,FTAS : United Kingdom,United Kingdom,4035.77,0.68
2020-03-19,2788.37,FTAS : United Kingdom,United Kingdom,4035.77,0.69
2020-03-20,2837.05,FTAS : United Kingdom,United Kingdom,4035.77,0.7
2020-03-23,2727.86,FTAS : United Kingdom,United Kingdom,4035.77,0.68
2020-03-24,2969.58,FTAS : United Kingdom,United Kingdom,4035.77,0.74
2020-03-25,3102.98,FTAS : United Kingdom,United Kingdom,4035.77,0.77
2020-03-26,3179.75,FTAS : United Kingdom,United Kingdom,4035.77,0.79
2020-03-27,3021.89,FTAS : United Kingdom,United Kingdom,4035.77,0.75
2020-03-30,3041.16,FTAS : United Kingdom,United Kingdom,4035.77,0.75
2020-03-31,3107.42,FTAS : United Kingdom,United Kingdom,4035.77,0.77
2020-04-01,2991.12,FTAS : United Kingdom,United Kingdom,4035.77,0.74
2020-04-02,2998.54,FTAS : United Kingdom,United Kingdom,4035.77,0.74
2020-04-03,2958.4,FTAS : United Kingdom,United Kingdom,4035.77,0.73
2020-04-06,3058.85,FTAS : United Kingdom,United Kingdom,4035.77,0.76
2020-04-07,3141.28,FTAS : United Kingdom,United Kingdom,4035.77,0.78
2020-04-08,3140.1,FTAS : United Kingdom,United Kingdom,4035.77,0.78
2020-04-09,3233.24,FTAS : United Kingdom,United Kingdom,4035.77,0.8
2019-12-02,12964.68,GDAXI : Germany,Germany,12964.68,1.0
2019-12-03,12989.29,GDAXI : Germany,Germany,12964.68,1.0
2019-12-04,13140.57,GDAXI : Germany,Germany,12964.68,1.01
2019-12-05,13054.8,GDAXI : Germany,Germany,12964.68,1.01
2019-12-06,13166.58,GDAXI : Germany,Germany,12964.68,1.02
2019-12-09,13105.61,GDAXI : Germany,Germany,12964.68,1.01
2019-12-10,13070.72,GDAXI : Germany,Germany,12964.68,1.01
2019-12-11,13146.74,GDAXI : Germany,Germany,12964.68,1.01
2019-12-12,13221.64,GDAXI : Germany,Germany,12964.68,1.02
2019-12-13,13282.72,GDAXI : Germany,Germany,12964.68,1.02
2019-12-16,13407.66,GDAXI : Germany,Germany,12964.68,1.03
2019-12-17,13287.83,GDAXI : Germany,Germany,12964.68,1.02
2019-12-18,13222.16,GDAXI : Germany,Germany,12964.68,1.02
2019-12-19,13211.96,GDAXI : Germany,Germany,12964.68,1.02
2019-12-20,13318.9,GDAXI : Germany,Germany,12964.68,1.03
2019-12-23,13300.98,GDAXI : Germany,Germany,12964.68,1.03
2019-12-27,13337.11,GDAXI : Germany,Germany,12964.68,1.03
2019-12-30,13249.01,GDAXI : Germany,Germany,12964.68,1.02
2020-01-02,13385.93,GDAXI : Germany,Germany,12964.68,1.03
2020-01-03,13219.14,GDAXI : Germany,Germany,12964.68,1.02
2020-01-06,13126.99,GDAXI : Germany,Germany,12964.68,1.01
2020-01-07,13226.83,GDAXI : Germany,Germany,12964.68,1.02
2020-01-08,13320.18,GDAXI : Germany,Germany,12964.68,1.03
2020-01-09,13495.06,GDAXI : Germany,Germany,12964.68,1.04
2020-01-10,13483.31,GDAXI : Germany,Germany,12964.68,1.04
2020-01-13,13451.52,GDAXI : Germany,Germany,12964.68,1.04
2020-01-14,13456.49,GDAXI : Germany,Germany,12964.68,1.04
2020-01-15,13432.3,GDAXI : Germany,Germany,12964.68,1.04
2020-01-16,13429.43,GDAXI : Germany,Germany,12964.68,1.04
2020-01-17,13526.13,GDAXI : Germany,Germany,12964.68,1.04
2020-01-20,13548.94,GDAXI : Germany,Germany,12964.68,1.05
2020-01-21,13555.87,GDAXI : Germany,Germany,12964.68,1.05
2020-01-22,13515.75,GDAXI : Germany,Germany,12964.68,1.04
2020-01-23,13388.42,GDAXI : Germany,Germany,12964.68,1.03
2020-01-24,13576.68,GDAXI : Germany,Germany,12964.68,1.05
2020-01-27,13204.77,GDAXI : Germany,Germany,12964.68,1.02
2020-01-28,13323.69,GDAXI : Germany,Germany,12964.68,1.03
2020-01-29,13345.0,GDAXI : Germany,Germany,12964.68,1.03
2020-01-30,13157.12,GDAXI : Germany,Germany,12964.68,1.01
2020-01-31,12981.97,GDAXI : Germany,Germany,12964.68,1.0
2020-02-03,13045.19,GDAXI : Germany,Germany,12964.68,1.01
2020-02-04,13281.74,GDAXI : Germany,Germany,12964.68,1.02
2020-02-05,13478.33,GDAXI : Germany,Germany,12964.68,1.04
2020-02-06,13574.82,GDAXI : Germany,Germany,12964.68,1.05
2020-02-07,13513.81,GDAXI : Germany,Germany,12964.68,1.04
2020-02-10,13494.03,GDAXI : Germany,Germany,12964.68,1.04
2020-02-11,13627.84,GDAXI : Germany,Germany,12964.68,1.05
2020-02-12,13749.78,GDAXI : Germany,Germany,12964.68,1.06
2020-02-13,13745.43,GDAXI : Germany,Germany,12964.68,1.06
2020-02-14,13744.21,GDAXI : Germany,Germany,12964.68,1.06
2020-02-17,13783.89,GDAXI : Germany,Germany,12964.68,1.06
2020-02-18,13681.19,GDAXI : Germany,Germany,12964.68,1.06
2020-02-19,13789.0,GDAXI : Germany,Germany,12964.68,1.06
2020-02-20,13664.0,GDAXI : Germany,Germany,12964.68,1.05
2020-02-21,13579.33,GDAXI : Germany,Germany,12964.68,1.05
2020-02-24,13035.24,GDAXI : Germany,Germany,12964.68,1.01
2020-02-25,12790.49,GDAXI : Germany,Germany,12964.68,0.99
2020-02-26,12774.88,GDAXI : Germany,Germany,12964.68,0.99
2020-02-27,12367.46,GDAXI : Germany,Germany,12964.68,0.95
2020-02-28,11890.35,GDAXI : Germany,Germany,12964.68,0.92
2020-03-02,11857.87,GDAXI : Germany,Germany,12964.68,0.91
2020-03-03,11985.39,GDAXI : Germany,Germany,12964.68,0.92
2020-03-04,12127.69,GDAXI : Germany,Germany,12964.68,0.94
2020-03-05,11944.72,GDAXI : Germany,Germany,12964.68,0.92
2020-03-06,11541.87,GDAXI : Germany,Germany,12964.68,0.89
2020-03-09,10625.02,GDAXI : Germany,Germany,12964.68,0.82
2020-03-10,10475.49,GDAXI : Germany,Germany,12964.68,0.81
2020-03-11,10438.68,GDAXI : Germany,Germany,12964.68,0.81
2020-03-12,9161.13,GDAXI : Germany,Germany,12964.68,0.71
2020-03-13,9232.08,GDAXI : Germany,Germany,12964.68,0.71
2020-03-16,8742.25,GDAXI : Germany,Germany,12964.68,0.67
2020-03-17,8939.1,GDAXI : Germany,Germany,12964.68,0.69
2020-03-18,8441.71,GDAXI : Germany,Germany,12964.68,0.65
2020-03-19,8610.43,GDAXI : Germany,Germany,12964.68,0.66
2020-03-20,8928.95,GDAXI : Germany,Germany,12964.68,0.69
2020-03-23,8741.15,GDAXI : Germany,Germany,12964.68,0.67
2020-03-24,9700.57,GDAXI : Germany,Germany,12964.68,0.75
2020-03-25,9874.26,GDAXI : Germany,Germany,12964.68,0.76
2020-03-26,10000.96,GDAXI : Germany,Germany,12964.68,0.77
2020-03-27,9632.52,GDAXI : Germany,Germany,12964.68,0.74
2020-03-30,9815.97,GDAXI : Germany,Germany,12964.68,0.76
2020-03-31,9935.84,GDAXI : Germany,Germany,12964.68,0.77
2020-04-01,9544.75,GDAXI : Germany,Germany,12964.68,0.74
2020-04-02,9570.82,GDAXI : Germany,Germany,12964.68,0.74
2020-04-03,9525.77,GDAXI : Germany,Germany,12964.68,0.73
2020-04-06,10075.17,GDAXI : Germany,Germany,12964.68,0.78
2020-04-07,10356.7,GDAXI : Germany,Germany,12964.68,0.8
2020-04-08,10332.89,GDAXI : Germany,Germany,12964.68,0.8
2020-04-09,10564.74,GDAXI : Germany,Germany,12964.68,0.81
2019-12-02,40802.17,BSESN : India,India,40802.17,1.0
2019-12-03,40675.45,BSESN : India,India,40802.17,1.0
2019-12-04,40850.29,BSESN : India,India,40802.17,1.0
2019-12-05,40779.59,BSESN : India,India,40802.17,1.0
2019-12-06,40445.15,BSESN : India,India,40802.17,0.99
2019-12-09,40487.43,BSESN : India,India,40802.17,0.99
2019-12-10,40239.88,BSESN : India,India,40802.17,0.99
2019-12-11,40412.57,BSESN : India,India,40802.17,0.99
2019-12-12,40581.71,BSESN : India,India,40802.17,0.99
2019-12-13,41009.71,BSESN : India,India,40802.17,1.01
2019-12-16,40938.72,BSESN : India,India,40802.17,1.0
2019-12-17,41352.17,BSESN : India,India,40802.17,1.01
2019-12-18,41558.57,BSESN : India,India,40802.17,1.02
2019-12-19,41673.92,BSESN : India,India,40802.17,1.02
2019-12-20,41681.54,BSESN : India,India,40802.17,1.02
2019-12-23,41642.66,BSESN : India,India,40802.17,1.02
2019-12-24,41461.26,BSESN : India,India,40802.17,1.02
2019-12-26,41163.76,BSESN : India,India,40802.17,1.01
2019-12-27,41575.14,BSESN : India,India,40802.17,1.02
2019-12-30,41558.0,BSESN : India,India,40802.17,1.02
2019-12-31,41253.74,BSESN : India,India,40802.17,1.01
2020-01-02,41626.64,BSESN : India,India,40802.17,1.02
2020-01-03,41464.61,BSESN : India,India,40802.17,1.02
2020-01-06,40676.63,BSESN : India,India,40802.17,1.0
2020-01-07,40869.47,BSESN : India,India,40802.17,1.0
2020-01-08,40817.74,BSESN : India,India,40802.17,1.0
2020-01-09,41452.35,BSESN : India,India,40802.17,1.02
2020-01-10,41599.72,BSESN : India,India,40802.17,1.02
2020-01-13,41859.69,BSESN : India,India,40802.17,1.03
2020-01-14,41952.63,BSESN : India,India,40802.17,1.03
2020-01-15,41872.73,BSESN : India,India,40802.17,1.03
2020-01-16,41932.56,BSESN : India,India,40802.17,1.03
2020-01-17,41945.37,BSESN : India,India,40802.17,1.03
2020-01-20,41528.91,BSESN : India,India,40802.17,1.02
2020-01-21,41323.81,BSESN : India,India,40802.17,1.01
2020-01-22,41115.38,BSESN : India,India,40802.17,1.01
2020-01-23,41386.4,BSESN : India,India,40802.17,1.01
2020-01-24,41613.19,BSESN : India,India,40802.17,1.02
2020-01-27,41155.12,BSESN : India,India,40802.17,1.01
2020-01-28,40966.86,BSESN : India,India,40802.17,1.0
2020-01-29,41198.66,BSESN : India,India,40802.17,1.01
2020-01-30,40913.82,BSESN : India,India,40802.17,1.0
2020-01-31,40723.49,BSESN : India,India,40802.17,1.0
2020-02-03,39872.31,BSESN : India,India,40802.17,0.98
2020-02-04,40789.38,BSESN : India,India,40802.17,1.0
2020-02-05,41142.66,BSESN : India,India,40802.17,1.01
2020-02-06,41306.03,BSESN : India,India,40802.17,1.01
2020-02-07,41141.85,BSESN : India,India,40802.17,1.01
2020-02-10,40979.62,BSESN : India,India,40802.17,1.0
2020-02-11,41216.14,BSESN : India,India,40802.17,1.01
2020-02-12,41565.9,BSESN : India,India,40802.17,1.02
2020-02-13,41459.79,BSESN : India,India,40802.17,1.02
2020-02-14,41257.74,BSESN : India,India,40802.17,1.01
2020-02-17,41055.69,BSESN : India,India,40802.17,1.01
2020-02-18,40894.38,BSESN : India,India,40802.17,1.0
2020-02-19,41323.0,BSESN : India,India,40802.17,1.01
2020-02-20,41170.12,BSESN : India,India,40802.17,1.01
2020-02-24,40363.23,BSESN : India,India,40802.17,0.99
2020-02-25,40281.2,BSESN : India,India,40802.17,0.99
2020-02-26,39888.96,BSESN : India,India,40802.17,0.98
2020-02-27,39745.66,BSESN : India,India,40802.17,0.97
2020-02-28,38297.29,BSESN : India,India,40802.17,0.94
2020-03-02,38144.02,BSESN : India,India,40802.17,0.93
2020-03-03,38623.7,BSESN : India,India,40802.17,0.95
2020-03-04,38409.48,BSESN : India,India,40802.17,0.94
2020-03-05,38470.61,BSESN : India,India,40802.17,0.94
2020-03-06,37576.62,BSESN : India,India,40802.17,0.92
2020-03-09,35634.95,BSESN : India,India,40802.17,0.87
2020-03-11,35697.4,BSESN : India,India,40802.17,0.87
2020-03-12,32778.14,BSESN : India,India,40802.17,0.8
2020-03-13,34103.48,BSESN : India,India,40802.17,0.84
2020-03-16,31390.07,BSESN : India,India,40802.17,0.77
2020-03-17,30579.09,BSESN : India,India,40802.17,0.75
2020-03-18,28869.51,BSESN : India,India,40802.17,0.71
2020-03-19,28288.23,BSESN : India,India,40802.17,0.69
2020-03-20,29915.96,BSESN : India,India,40802.17,0.73
2020-03-23,25981.24,BSESN : India,India,40802.17,0.64
2020-03-24,26674.03,BSESN : India,India,40802.17,0.65
2020-03-25,28535.78,BSESN : India,India,40802.17,0.7
2020-03-26,29946.77,BSESN : India,India,40802.17,0.73
2020-03-27,29815.59,BSESN : India,India,40802.17,0.73
2020-03-30,28440.32,BSESN : India,India,40802.17,0.7
2020-03-31,29468.49,BSESN : India,India,40802.17,0.72
2020-04-01,28265.31,BSESN : India,India,40802.17,0.69
2020-04-03,27590.95,BSESN : India,India,40802.17,0.68
2020-04-07,30067.21,BSESN : India,India,40802.17,0.74
2020-04-08,29893.96,BSESN : India,India,40802.17,0.73
2020-04-09,31159.62,BSESN : India,India,40802.17,0.76
2020-04-13,30690.02,BSESN : India,India,40802.17,0.75
2019-12-02,9156.3,IBEX 35 : Spain,Spain,9156.3,1.0
2019-12-03,9135.7,IBEX 35 : Spain,Spain,9156.3,1.0
2019-12-04,9270.8,IBEX 35 : Spain,Spain,9156.3,1.01
2019-12-05,9243.4,IBEX 35 : Spain,Spain,9156.3,1.01
2019-12-06,9382.7,IBEX 35 : Spain,Spain,9156.3,1.02
2019-12-09,9354.6,IBEX 35 : Spain,Spain,9156.3,1.02
2019-12-10,9321.1,IBEX 35 : Spain,Spain,9156.3,1.02
2019-12-11,9392.5,IBEX 35 : Spain,Spain,9156.3,1.03
2019-12-12,9468.5,IBEX 35 : Spain,Spain,9156.3,1.03
2019-12-13,9563.7,IBEX 35 : Spain,Spain,9156.3,1.04
2019-12-16,9680.6,IBEX 35 : Spain,Spain,9156.3,1.06
2019-12-17,9615.9,IBEX 35 : Spain,Spain,9156.3,1.05
2019-12-18,9621.8,IBEX 35 : Spain,Spain,9156.3,1.05
2019-12-19,9617.2,IBEX 35 : Spain,Spain,9156.3,1.05
2019-12-20,9675.5,IBEX 35 : Spain,Spain,9156.3,1.06
2019-12-23,9659.6,IBEX 35 : Spain,Spain,9156.3,1.05
2019-12-24,9661.8,IBEX 35 : Spain,Spain,9156.3,1.06
2019-12-27,9700.5,IBEX 35 : Spain,Spain,9156.3,1.06
2019-12-30,9612.6,IBEX 35 : Spain,Spain,9156.3,1.05
2019-12-31,9549.2,IBEX 35 : Spain,Spain,9156.3,1.04
2020-01-02,9691.2,IBEX 35 : Spain,Spain,9156.3,1.06
2020-01-03,9646.6,IBEX 35 : Spain,Spain,9156.3,1.05
2020-01-06,9600.9,IBEX 35 : Spain,Spain,9156.3,1.05
2020-01-07,9579.8,IBEX 35 : Spain,Spain,9156.3,1.05
2020-01-08,9591.4,IBEX 35 : Spain,Spain,9156.3,1.05
2020-01-09,9581.8,IBEX 35 : Spain,Spain,9156.3,1.05
2020-01-10,9573.6,IBEX 35 : Spain,Spain,9156.3,1.05
2020-01-13,9543.9,IBEX 35 : Spain,Spain,9156.3,1.04
2020-01-14,9528.3,IBEX 35 : Spain,Spain,9156.3,1.04
2020-01-15,9511.7,IBEX 35 : Spain,Spain,9156.3,1.04
2020-01-16,9572.5,IBEX 35 : Spain,Spain,9156.3,1.05
2020-01-17,9681.3,IBEX 35 : Spain,Spain,9156.3,1.06
2020-01-20,9658.8,IBEX 35 : Spain,Spain,9156.3,1.05
2020-01-21,9611.3,IBEX 35 : Spain,Spain,9156.3,1.05
2020-01-22,9573.7,IBEX 35 : Spain,Spain,9156.3,1.05
2020-01-23,9518.5,IBEX 35 : Spain,Spain,9156.3,1.04
2020-01-24,9562.0,IBEX 35 : Spain,Spain,9156.3,1.04
2020-01-27,9366.3,IBEX 35 : Spain,Spain,9156.3,1.02
2020-01-28,9484.2,IBEX 35 : Spain,Spain,9156.3,1.04
2020-01-29,9546.7,IBEX 35 : Spain,Spain,9156.3,1.04
2020-01-30,9477.9,IBEX 35 : Spain,Spain,9156.3,1.04
2020-01-31,9367.9,IBEX 35 : Spain,Spain,9156.3,1.02
2020-02-03,9404.7,IBEX 35 : Spain,Spain,9156.3,1.03
2020-02-04,9562.9,IBEX 35 : Spain,Spain,9156.3,1.04
2020-02-05,9717.8,IBEX 35 : Spain,Spain,9156.3,1.06
2020-02-06,9811.3,IBEX 35 : Spain,Spain,9156.3,1.07
2020-02-07,9811.0,IBEX 35 : Spain,Spain,9156.3,1.07
2020-02-10,9816.0,IBEX 35 : Spain,Spain,9156.3,1.07
2020-02-11,9882.6,IBEX 35 : Spain,Spain,9156.3,1.08
2020-02-12,9940.4,IBEX 35 : Spain,Spain,9156.3,1.09
2020-02-13,9909.8,IBEX 35 : Spain,Spain,9156.3,1.08
2020-02-14,9956.8,IBEX 35 : Spain,Spain,9156.3,1.09
2020-02-17,10022.2,IBEX 35 : Spain,Spain,9156.3,1.09
2020-02-18,10005.8,IBEX 35 : Spain,Spain,9156.3,1.09
2020-02-19,10083.6,IBEX 35 : Spain,Spain,9156.3,1.1
2020-02-20,9931.0,IBEX 35 : Spain,Spain,9156.3,1.08
2020-02-21,9886.2,IBEX 35 : Spain,Spain,9156.3,1.08
2020-02-24,9483.5,IBEX 35 : Spain,Spain,9156.3,1.04
2020-02-25,9250.8,IBEX 35 : Spain,Spain,9156.3,1.01
2020-02-26,9316.8,IBEX 35 : Spain,Spain,9156.3,1.02
2020-02-27,8985.9,IBEX 35 : Spain,Spain,9156.3,0.98
2020-02-28,8723.2,IBEX 35 : Spain,Spain,9156.3,0.95
2020-03-02,8741.5,IBEX 35 : Spain,Spain,9156.3,0.95
2020-03-03,8811.6,IBEX 35 : Spain,Spain,9156.3,0.96
2020-03-04,8910.0,IBEX 35 : Spain,Spain,9156.3,0.97
2020-03-05,8683.0,IBEX 35 : Spain,Spain,9156.3,0.95
2020-03-06,8375.6,IBEX 35 : Spain,Spain,9156.3,0.91
2020-03-09,7708.7,IBEX 35 : Spain,Spain,9156.3,0.84
2020-03-10,7461.5,IBEX 35 : Spain,Spain,9156.3,0.81
2020-03-11,7436.4,IBEX 35 : Spain,Spain,9156.3,0.81
2020-03-12,6390.9,IBEX 35 : Spain,Spain,9156.3,0.7
2020-03-13,6629.6,IBEX 35 : Spain,Spain,9156.3,0.72
2020-03-16,6107.2,IBEX 35 : Spain,Spain,9156.3,0.67
2020-03-17,6498.5,IBEX 35 : Spain,Spain,9156.3,0.71
2020-03-18,6274.8,IBEX 35 : Spain,Spain,9156.3,0.69
2020-03-19,6395.8,IBEX 35 : Spain,Spain,9156.3,0.7
2020-03-20,6443.3,IBEX 35 : Spain,Spain,9156.3,0.7
2020-03-23,6230.2,IBEX 35 : Spain,Spain,9156.3,0.68
2020-03-24,6717.3,IBEX 35 : Spain,Spain,9156.3,0.73
2020-03-25,6942.4,IBEX 35 : Spain,Spain,9156.3,0.76
2020-03-26,7033.2,IBEX 35 : Spain,Spain,9156.3,0.77
2020-03-27,6777.9,IBEX 35 : Spain,Spain,9156.3,0.74
2020-03-30,6659.9,IBEX 35 : Spain,Spain,9156.3,0.73
2020-03-31,6785.4,IBEX 35 : Spain,Spain,9156.3,0.74
2020-04-01,6579.4,IBEX 35 : Spain,Spain,9156.3,0.72
2020-04-02,6574.1,IBEX 35 : Spain,Spain,9156.3,0.72
2020-04-03,6581.6,IBEX 35 : Spain,Spain,9156.3,0.72
2020-04-06,6844.3,IBEX 35 : Spain,Spain,9156.3,0.75
2020-04-07,7002.0,IBEX 35 : Spain,Spain,9156.3,0.76
2020-04-08,6951.8,IBEX 35 : Spain,Spain,9156.3,0.76
2020-04-09,7070.6,IBEX 35 : Spain,Spain,9156.3,0.77
2019-12-02,28.27,EWI: Italy,Italy,28.27,1.0
2019-12-03,28.39,EWI: Italy,Italy,28.27,1.0
2019-12-04,28.71,EWI: Italy,Italy,28.27,1.02
2019-12-05,28.6,EWI: Italy,Italy,28.27,1.01
2019-12-06,28.71,EWI: Italy,Italy,28.27,1.02
2019-12-09,28.31,EWI: Italy,Italy,28.27,1.0
2019-12-10,28.61,EWI: Italy,Italy,28.27,1.01
2019-12-11,28.78,EWI: Italy,Italy,28.27,1.02
2019-12-12,29.21,EWI: Italy,Italy,28.27,1.03
2019-12-13,29.05,EWI: Italy,Italy,28.27,1.03
2019-12-16,29.25,EWI: Italy,Italy,28.27,1.03
2019-12-17,29.48,EWI: Italy,Italy,28.27,1.04
2019-12-18,29.46,EWI: Italy,Italy,28.27,1.04
2019-12-19,29.58,EWI: Italy,Italy,28.27,1.05
2019-12-20,29.74,EWI: Italy,Italy,28.27,1.05
2019-12-23,29.7,EWI: Italy,Italy,28.27,1.05
2019-12-24,29.59,EWI: Italy,Italy,28.27,1.05
2019-12-26,29.68,EWI: Italy,Italy,28.27,1.05
2019-12-27,29.62,EWI: Italy,Italy,28.27,1.05
2019-12-30,29.38,EWI: Italy,Italy,28.27,1.04
2019-12-31,29.5,EWI: Italy,Italy,28.27,1.04
2020-01-02,29.9,EWI: Italy,Italy,28.27,1.06
2020-01-03,29.49,EWI: Italy,Italy,28.27,1.04
2020-01-06,29.61,EWI: Italy,Italy,28.27,1.05
2020-01-07,29.48,EWI: Italy,Italy,28.27,1.04
2020-01-08,29.64,EWI: Italy,Italy,28.27,1.05
2020-01-09,29.81,EWI: Italy,Italy,28.27,1.05
2020-01-10,29.66,EWI: Italy,Italy,28.27,1.05
2020-01-13,29.68,EWI: Italy,Italy,28.27,1.05
2020-01-14,29.62,EWI: Italy,Italy,28.27,1.05
2020-01-15,29.45,EWI: Italy,Italy,28.27,1.04
2020-01-16,29.82,EWI: Italy,Italy,28.27,1.05
2020-01-17,29.98,EWI: Italy,Italy,28.27,1.06
2020-01-21,29.5,EWI: Italy,Italy,28.27,1.04
2020-01-22,29.34,EWI: Italy,Italy,28.27,1.04
2020-01-23,29.39,EWI: Italy,Italy,28.27,1.04
2020-01-24,29.37,EWI: Italy,Italy,28.27,1.04
2020-01-27,28.76,EWI: Italy,Italy,28.27,1.02
2020-01-28,29.54,EWI: Italy,Italy,28.27,1.04
2020-01-29,29.61,EWI: Italy,Italy,28.27,1.05
2020-01-30,29.56,EWI: Italy,Italy,28.27,1.05
2020-01-31,28.78,EWI: Italy,Italy,28.27,1.02
2020-02-03,28.92,EWI: Italy,Italy,28.27,1.02
2020-02-04,29.42,EWI: Italy,Italy,28.27,1.04
2020-02-05,29.83,EWI: Italy,Italy,28.27,1.06
2020-02-06,30.13,EWI: Italy,Italy,28.27,1.07
2020-02-07,29.85,EWI: Italy,Italy,28.27,1.06
2020-02-10,29.88,EWI: Italy,Italy,28.27,1.06
2020-02-11,30.04,EWI: Italy,Italy,28.27,1.06
2020-02-12,30.2,EWI: Italy,Italy,28.27,1.07
2020-02-13,29.94,EWI: Italy,Italy,28.27,1.06
2020-02-14,29.94,EWI: Italy,Italy,28.27,1.06
2020-02-18,30.28,EWI: Italy,Italy,28.27,1.07
2020-02-19,30.43,EWI: Italy,Italy,28.27,1.08
2020-02-20,30.06,EWI: Italy,Italy,28.27,1.06
2020-02-21,29.72,EWI: Italy,Italy,28.27,1.05
2020-02-24,28.12,EWI: Italy,Italy,28.27,0.99
2020-02-25,27.48,EWI: Italy,Italy,28.27,0.97
2020-02-26,27.84,EWI: Italy,Italy,28.27,0.98
2020-02-27,27.37,EWI: Italy,Italy,28.27,0.97
2020-02-28,27.24,EWI: Italy,Italy,28.27,0.96
2020-03-02,27.26,EWI: Italy,Italy,28.27,0.96
2020-03-03,26.71,EWI: Italy,Italy,28.27,0.94
2020-03-04,27.65,EWI: Italy,Italy,28.27,0.98
2020-03-05,26.66,EWI: Italy,Italy,28.27,0.94
2020-03-06,26.26,EWI: Italy,Italy,28.27,0.93
2020-03-09,23.03,EWI: Italy,Italy,28.27,0.81
2020-03-10,23.36,EWI: Italy,Italy,28.27,0.83
2020-03-11,22.18,EWI: Italy,Italy,28.27,0.78
2020-03-12,18.71,EWI: Italy,Italy,28.27,0.66
2020-03-13,20.81,EWI: Italy,Italy,28.27,0.74
2020-03-16,18.09,EWI: Italy,Italy,28.27,0.64
2020-03-17,18.81,EWI: Italy,Italy,28.27,0.67
2020-03-18,18.4,EWI: Italy,Italy,28.27,0.65
2020-03-19,18.39,EWI: Italy,Italy,28.27,0.65
2020-03-20,18.55,EWI: Italy,Italy,28.27,0.66
2020-03-23,18.82,EWI: Italy,Italy,28.27,0.67
2020-03-24,20.08,EWI: Italy,Italy,28.27,0.71
2020-03-25,20.87,EWI: Italy,Italy,28.27,0.74
2020-03-26,21.6,EWI: Italy,Italy,28.27,0.76
2020-03-27,20.74,EWI: Italy,Italy,28.27,0.73
2020-03-30,20.89,EWI: Italy,Italy,28.27,0.74
2020-03-31,20.77,EWI: Italy,Italy,28.27,0.73
2020-04-01,19.87,EWI: Italy,Italy,28.27,0.7
2020-04-02,20.37,EWI: Italy,Italy,28.27,0.72
2020-04-03,19.59,EWI: Italy,Italy,28.27,0.69
2020-04-06,20.75,EWI: Italy,Italy,28.27,0.73
2020-04-07,20.75,EWI: Italy,Italy,28.27,0.73
2020-04-08,21.02,EWI: Italy,Italy,28.27,0.74
2020-04-09,21.5,EWI: Italy,Italy,28.27,0.76
2020-04-13,21.16,EWI: Italy,Italy,28.27,0.75
2019-12-02,5786.74,FCHI: France,France,5786.74,1.0
2019-12-03,5727.22,FCHI: France,France,5786.74,0.99
2019-12-04,5799.68,FCHI: France,France,5786.74,1.0
2019-12-05,5801.55,FCHI: France,France,5786.74,1.0
2019-12-06,5871.91,FCHI: France,France,5786.74,1.01
2019-12-09,5837.25,FCHI: France,France,5786.74,1.01
2019-12-10,5848.03,FCHI: France,France,5786.74,1.01
2019-12-11,5860.88,FCHI: France,France,5786.74,1.01
2019-12-12,5884.26,FCHI: France,France,5786.74,1.02
2019-12-13,5919.02,FCHI: France,France,5786.74,1.02
2019-12-16,5991.66,FCHI: France,France,5786.74,1.04
2019-12-17,5968.26,FCHI: France,France,5786.74,1.03
2019-12-18,5959.6,FCHI: France,France,5786.74,1.03
2019-12-19,5972.28,FCHI: France,France,5786.74,1.03
2019-12-20,6021.53,FCHI: France,France,5786.74,1.04
2019-12-23,6029.37,FCHI: France,France,5786.74,1.04
2019-12-24,6029.55,FCHI: France,France,5786.74,1.04
2019-12-27,6037.39,FCHI: France,France,5786.74,1.04
2019-12-30,5982.22,FCHI: France,France,5786.74,1.03
2019-12-31,5978.06,FCHI: France,France,5786.74,1.03
2020-01-02,6041.5,FCHI: France,France,5786.74,1.04
2020-01-03,6044.16,FCHI: France,France,5786.74,1.04
2020-01-06,6013.59,FCHI: France,France,5786.74,1.04
2020-01-07,6012.35,FCHI: France,France,5786.74,1.04
2020-01-08,6031.0,FCHI: France,France,5786.74,1.04
2020-01-09,6042.55,FCHI: France,France,5786.74,1.04
2020-01-10,6037.11,FCHI: France,France,5786.74,1.04
2020-01-13,6036.14,FCHI: France,France,5786.74,1.04
2020-01-14,6040.89,FCHI: France,France,5786.74,1.04
2020-01-15,6032.61,FCHI: France,France,5786.74,1.04
2020-01-16,6039.03,FCHI: France,France,5786.74,1.04
2020-01-17,6100.72,FCHI: France,France,5786.74,1.05
2020-01-20,6078.54,FCHI: France,France,5786.74,1.05
2020-01-21,6045.99,FCHI: France,France,5786.74,1.04
2020-01-22,6010.98,FCHI: France,France,5786.74,1.04
2020-01-23,5971.79,FCHI: France,France,5786.74,1.03
2020-01-24,6024.26,FCHI: France,France,5786.74,1.04
2020-01-27,5863.02,FCHI: France,France,5786.74,1.01
2020-01-28,5925.82,FCHI: France,France,5786.74,1.02
2020-01-29,5954.89,FCHI: France,France,5786.74,1.03
2020-01-30,5871.77,FCHI: France,France,5786.74,1.01
2020-01-31,5806.34,FCHI: France,France,5786.74,1.0
2020-02-03,5832.51,FCHI: France,France,5786.74,1.01
2020-02-04,5935.05,FCHI: France,France,5786.74,1.03
2020-02-05,5985.4,FCHI: France,France,5786.74,1.03
2020-02-06,6038.18,FCHI: France,France,5786.74,1.04
2020-02-07,6029.75,FCHI: France,France,5786.74,1.04
2020-02-10,6015.67,FCHI: France,France,5786.74,1.04
2020-02-11,6054.76,FCHI: France,France,5786.74,1.05
2020-02-12,6104.73,FCHI: France,France,5786.74,1.05
2020-02-13,6093.14,FCHI: France,France,5786.74,1.05
2020-02-14,6069.35,FCHI: France,France,5786.74,1.05
2020-02-17,6085.95,FCHI: France,France,5786.74,1.05
2020-02-18,6056.82,FCHI: France,France,5786.74,1.05
2020-02-19,6111.24,FCHI: France,France,5786.74,1.06
2020-02-20,6062.3,FCHI: France,France,5786.74,1.05
2020-02-21,6029.72,FCHI: France,France,5786.74,1.04
2020-02-24,5791.87,FCHI: France,France,5786.74,1.0
2020-02-25,5679.68,FCHI: France,France,5786.74,0.98
2020-02-26,5684.55,FCHI: France,France,5786.74,0.98
2020-02-27,5495.6,FCHI: France,France,5786.74,0.95
2020-02-28,5309.9,FCHI: France,France,5786.74,0.92
2020-03-02,5333.52,FCHI: France,France,5786.74,0.92
2020-03-03,5393.17,FCHI: France,France,5786.74,0.93
2020-03-04,5464.89,FCHI: France,France,5786.74,0.94
2020-03-05,5361.1,FCHI: France,France,5786.74,0.93
2020-03-06,5139.11,FCHI: France,France,5786.74,0.89
2020-03-09,4707.91,FCHI: France,France,5786.74,0.81
2020-03-10,4636.61,FCHI: France,France,5786.74,0.8
2020-03-11,4610.25,FCHI: France,France,5786.74,0.8
2020-03-12,4044.26,FCHI: France,France,5786.74,0.7
2020-03-13,4118.36,FCHI: France,France,5786.74,0.71
2020-03-16,3881.46,FCHI: France,France,5786.74,0.67
2020-03-17,3991.78,FCHI: France,France,5786.74,0.69
2020-03-18,3754.84,FCHI: France,France,5786.74,0.65
2020-03-19,3855.5,FCHI: France,France,5786.74,0.67
2020-03-20,4048.8,FCHI: France,France,5786.74,0.7
2020-03-23,3914.31,FCHI: France,France,5786.74,0.68
2020-03-24,4242.7,FCHI: France,France,5786.74,0.73
2020-03-25,4432.3,FCHI: France,France,5786.74,0.77
2020-03-26,4543.58,FCHI: France,France,5786.74,0.79
2020-03-27,4351.49,FCHI: France,France,5786.74,0.75
2020-03-30,4378.51,FCHI: France,France,5786.74,0.76
2020-03-31,4396.12,FCHI: France,France,5786.74,0.76
2020-04-01,4207.24,FCHI: France,France,5786.74,0.73
2020-04-02,4220.96,FCHI: France,France,5786.74,0.73
2020-04-03,4154.58,FCHI: France,France,5786.74,0.72
2020-04-06,4346.14,FCHI: France,France,5786.74,0.75
2020-04-07,4438.27,FCHI: France,France,5786.74,0.77
2020-04-08,4442.75,FCHI: France,France,5786.74,0.77
2020-04-09,4506.85,FCHI: France,France,5786.74,0.78
2019-12-02,56.86,EWY: South Korea,South Korea,56.86,1.0
2019-12-03,56.2,EWY: South Korea,South Korea,56.86,0.99
2019-12-04,56.31,EWY: South Korea,South Korea,56.86,0.99
2019-12-05,56.12,EWY: South Korea,South Korea,56.86,0.99
2019-12-06,56.89,EWY: South Korea,South Korea,56.86,1.0
2019-12-09,56.47,EWY: South Korea,South Korea,56.86,0.99
2019-12-10,56.99,EWY: South Korea,South Korea,56.86,1.0
2019-12-11,57.68,EWY: South Korea,South Korea,56.86,1.01
2019-12-12,59.73,EWY: South Korea,South Korea,56.86,1.05
2019-12-13,59.87,EWY: South Korea,South Korea,56.86,1.05
2019-12-16,60.31,EWY: South Korea,South Korea,56.86,1.06
2019-12-17,61.37,EWY: South Korea,South Korea,56.86,1.08
2019-12-18,61.36,EWY: South Korea,South Korea,56.86,1.08
2019-12-19,61.53,EWY: South Korea,South Korea,56.86,1.08
2019-12-20,61.92,EWY: South Korea,South Korea,56.86,1.09
2019-12-23,61.68,EWY: South Korea,South Korea,56.86,1.08
2019-12-24,61.21,EWY: South Korea,South Korea,56.86,1.08
2019-12-26,61.6,EWY: South Korea,South Korea,56.86,1.08
2019-12-27,62.49,EWY: South Korea,South Korea,56.86,1.1
2019-12-30,61.9,EWY: South Korea,South Korea,56.86,1.09
2019-12-31,62.19,EWY: South Korea,South Korea,56.86,1.09
2020-01-02,62.17,EWY: South Korea,South Korea,56.86,1.09
2020-01-03,60.91,EWY: South Korea,South Korea,56.86,1.07
2020-01-06,60.69,EWY: South Korea,South Korea,56.86,1.07
2020-01-07,61.34,EWY: South Korea,South Korea,56.86,1.08
2020-01-08,61.38,EWY: South Korea,South Korea,56.86,1.08
2020-01-09,61.96,EWY: South Korea,South Korea,56.86,1.09
2020-01-10,62.69,EWY: South Korea,South Korea,56.86,1.1
2020-01-13,64.09,EWY: South Korea,South Korea,56.86,1.13
2020-01-14,63.88,EWY: South Korea,South Korea,56.86,1.12
2020-01-15,63.17,EWY: South Korea,South Korea,56.86,1.11
2020-01-16,63.94,EWY: South Korea,South Korea,56.86,1.12
2020-01-17,64.04,EWY: South Korea,South Korea,56.86,1.13
2020-01-21,62.65,EWY: South Korea,South Korea,56.86,1.1
2020-01-22,63.89,EWY: South Korea,South Korea,56.86,1.12
2020-01-23,63.25,EWY: South Korea,South Korea,56.86,1.11
2020-01-24,62.9,EWY: South Korea,South Korea,56.86,1.11
2020-01-27,60.71,EWY: South Korea,South Korea,56.86,1.07
2020-01-28,60.66,EWY: South Korea,South Korea,56.86,1.07
2020-01-29,60.7,EWY: South Korea,South Korea,56.86,1.07
2020-01-30,59.35,EWY: South Korea,South Korea,56.86,1.04
2020-01-31,57.65,EWY: South Korea,South Korea,56.86,1.01
2020-02-03,58.58,EWY: South Korea,South Korea,56.86,1.03
2020-02-04,60.24,EWY: South Korea,South Korea,56.86,1.06
2020-02-05,60.8,EWY: South Korea,South Korea,56.86,1.07
2020-02-06,61.66,EWY: South Korea,South Korea,56.86,1.08
2020-02-07,60.45,EWY: South Korea,South Korea,56.86,1.06
2020-02-10,61.02,EWY: South Korea,South Korea,56.86,1.07
2020-02-11,61.92,EWY: South Korea,South Korea,56.86,1.09
2020-02-12,62.9,EWY: South Korea,South Korea,56.86,1.11
2020-02-13,61.83,EWY: South Korea,South Korea,56.86,1.09
2020-02-14,62.09,EWY: South Korea,South Korea,56.86,1.09
2020-02-18,61.08,EWY: South Korea,South Korea,56.86,1.07
2020-02-19,61.07,EWY: South Korea,South Korea,56.86,1.07
2020-02-20,59.21,EWY: South Korea,South Korea,56.86,1.04
2020-02-21,58.37,EWY: South Korea,South Korea,56.86,1.03
2020-02-24,55.32,EWY: South Korea,South Korea,56.86,0.97
2020-02-25,55.29,EWY: South Korea,South Korea,56.86,0.97
2020-02-26,55.96,EWY: South Korea,South Korea,56.86,0.98
2020-02-27,54.9,EWY: South Korea,South Korea,56.86,0.97
2020-02-28,54.96,EWY: South Korea,South Korea,56.86,0.97
2020-03-02,56.21,EWY: South Korea,South Korea,56.86,0.99
2020-03-03,55.53,EWY: South Korea,South Korea,56.86,0.98
2020-03-04,57.58,EWY: South Korea,South Korea,56.86,1.01
2020-03-05,56.32,EWY: South Korea,South Korea,56.86,0.99
2020-03-06,55.54,EWY: South Korea,South Korea,56.86,0.98
2020-03-09,52.48,EWY: South Korea,South Korea,56.86,0.92
2020-03-10,54.72,EWY: South Korea,South Korea,56.86,0.96
2020-03-11,52.04,EWY: South Korea,South Korea,56.86,0.92
2020-03-12,46.66,EWY: South Korea,South Korea,56.86,0.82
2020-03-13,49.73,EWY: South Korea,South Korea,56.86,0.87
2020-03-16,41.87,EWY: South Korea,South Korea,56.86,0.74
2020-03-17,44.89,EWY: South Korea,South Korea,56.86,0.79
2020-03-18,40.67,EWY: South Korea,South Korea,56.86,0.72
2020-03-19,39.0,EWY: South Korea,South Korea,56.86,0.69
2020-03-20,40.58,EWY: South Korea,South Korea,56.86,0.71
2020-03-23,38.97,EWY: South Korea,South Korea,56.86,0.69
2020-03-24,43.82,EWY: South Korea,South Korea,56.86,0.77
2020-03-25,46.18,EWY: South Korea,South Korea,56.86,0.81
2020-03-26,47.84,EWY: South Korea,South Korea,56.86,0.84
2020-03-27,45.31,EWY: South Korea,South Korea,56.86,0.8
2020-03-30,46.28,EWY: South Korea,South Korea,56.86,0.81
2020-03-31,46.92,EWY: South Korea,South Korea,56.86,0.83
2020-04-01,43.69,EWY: South Korea,South Korea,56.86,0.77
2020-04-02,45.88,EWY: South Korea,South Korea,56.86,0.81
2020-04-03,45.15,EWY: South Korea,South Korea,56.86,0.79
2020-04-06,48.29,EWY: South Korea,South Korea,56.86,0.85
2020-04-07,48.82,EWY: South Korea,South Korea,56.86,0.86
2020-04-08,49.08,EWY: South Korea,South Korea,56.86,0.86
2020-04-09,48.94,EWY: South Korea,South Korea,56.86,0.86
2020-04-13,48.53,EWY: South Korea,South Korea,56.86,0.85
